{
	"name": "sep5_models/MyTCN_CL5.3.1.0..5.3.3.0_DLnone_CBNormTrue_DBNormFalse_IBNormFalse_ll1_ptype0_penXTrue_penATrue_bkgPenFalse_regBiasTrue_Flatten_DetMat",
	"clayers": "CL5.3.1.0..5.3.3.0",
	"dlayers": "DLnone",
	"CBNorm": true,
	"DBNorm": false,
	"IBNorm": false,
	"LL": "ll1",
	"ptype": "ptype0",
	"penX": true,
	"penA": true,
	"bkgPen": false,
	"regBias": true,
	"qkeras": false,
	"qbits": 0,
	"qibits": 0,
	"pool": 2,
	"l1reg": 0,
	"detmat": 1,
	"npars": 223,
	"mod_mae_x": 0.7647363358648439,
	"mod_mae_a": 0.004748563264695589,
	"mod_mse_x": 2.7264610900919877,
	"mod_mse_a": 6.856992713263649e-05,
	"mod_auc": 0.964886553968,
	"mod_dx_median": 0.07774570791858082,
	"mod_da_median": 0.0004843604661361658,
	"mod_dx_mean": 0.07966411750084366,
	"mod_da_mean": 0.00034289457429388984,
	"mod_dx_std": 1.6492770290265972,
	"mod_da_std": 0.008273593562869542,
	"mod_dx_iqr": 0.9917571963274349,
	"mod_da_iqr": 0.008564174503194437,
	"skew_dx": 1.239414818974465,
	"skew_da": -0.16981592578862417,
	"dx_mmm": 0.0011631821389006367,
	"da_mmm": -0.017098482148935914,
	"dx_mode": 0.07000000000000006,
	"da_mode": 0.0006000000000000016
}