{
	"name": "sep5_models/MyTCN_CL5.3.1.0..5.3.3.0_DLnone_CBNormFalse_DBNormFalse_IBNormFalse_ll1_ptype0_penXTrue_penATrue_bkgPenFalse_regBiasTrue_Flatten_DetMat_0.6",
	"clayers": "CL5.3.1.0..5.3.3.0",
	"dlayers": "DLnone",
	"CBNorm": false,
	"DBNorm": false,
	"IBNorm": false,
	"LL": "ll1",
	"ptype": "ptype0",
	"penX": true,
	"penA": true,
	"bkgPen": false,
	"regBias": true,
	"qkeras": false,
	"qbits": 0,
	"qibits": 0,
	"pool": 2,
	"l1reg": 0,
	"detmat": 1,
	"npars": 203,
	"mod_mae_x": 0.5492858459645067,
	"mod_mae_a": 0.003388402479705803,
	"mod_mse_x": 1.9038902432100127,
	"mod_mse_a": 5.424751089168093e-05,
	"mod_auc": 0.925592022312,
	"mod_dx_median": 0.004698726560715016,
	"mod_da_median": 6.687317297661075e-05,
	"mod_dx_mean": -0.0255854987575553,
	"mod_da_mean": -2.0093293729557264e-05,
	"mod_dx_std": 1.3795780606632377,
	"mod_da_std": 0.007365263549339427,
	"mod_dx_iqr": 0.6312286663498872,
	"mod_da_iqr": 0.005085831097682878,
	"skew_dx": -0.35269938226346326,
	"skew_da": -0.673657921880649,
	"dx_mmm": -0.021951802642984228,
	"da_mmm": -0.011807651705004885,
	"dx_mode": -0.010000000000000009,
	"da_mode": 0.00020000000000000052
}