{
	"name": "sep5_models/MyTCN_CL5.4.1.0..5.4.3.0_DLnone_CBNormTrue_DBNormFalse_IBNormTrue_ll1_ptype0_penXTrue_penATrue_bkgPenFalse_regBiasTrue_Flatten_DetMat",
	"clayers": "CL5.4.1.0..5.4.3.0",
	"dlayers": "DLnone",
	"CBNorm": true,
	"DBNorm": false,
	"IBNorm": true,
	"LL": "ll1",
	"ptype": "ptype0",
	"penX": true,
	"penA": true,
	"bkgPen": false,
	"regBias": true,
	"qkeras": false,
	"qbits": 0,
	"qibits": 0,
	"pool": 2,
	"l1reg": 0,
	"detmat": 1,
	"npars": 258,
	"mod_mae_x": 0.6001401592805138,
	"mod_mae_a": 0.004221928920528993,
	"mod_mse_x": 1.9189685979757347,
	"mod_mse_a": 5.619109246695923e-05,
	"mod_auc": 0.9708134547359999,
	"mod_dx_median": 0.09551492723652544,
	"mod_da_median": -2.5252008839711862e-05,
	"mod_dx_mean": 0.21751682769430888,
	"mod_da_mean": -0.00035584520174831833,
	"mod_dx_std": 1.3680844373230545,
	"mod_da_std": 0.007487620894473219,
	"mod_dx_iqr": 0.8670179483018927,
	"mod_da_iqr": 0.008009025416554934,
	"skew_dx": 3.848280649094055,
	"skew_da": -1.77903494655072,
	"dx_mmm": 0.0891771714737914,
	"da_mmm": -0.04415196730280839,
	"dx_mode": 0.09000000000000008,
	"da_mode": 0.00020000000000000052
}