{
	"name": "sep5_models/MyTCN_CL5.3.1.0..5.3.1.0_DLnone_CBNormFalse_DBNormFalse_IBNormFalse_ll1_ptype0_penXTrue_penATrue_bkgPenFalse_regBiasTrue_Flatten_DetMat_HAND0_6",
	"clayers": "CL5.3.1.0..5.3.1.0",
	"dlayers": "DLnone",
	"CBNorm": false,
	"DBNorm": false,
	"IBNorm": false,
	"LL": "ll1",
	"ptype": "ptype0",
	"penX": true,
	"penA": true,
	"bkgPen": false,
	"regBias": true,
	"qkeras": false,
	"qbits": 0,
	"qibits": 0,
	"pool": 2,
	"l1reg": 0,
	"detmat": 1,
	"npars": 383,
	"mod_mae_x": 0.8660010146033137,
	"mod_mae_a": 0.004402879001145448,
	"mod_mse_x": 2.148595149101136,
	"mod_mse_a": 3.994194035563264e-05,
	"mod_auc": 0.9581803614719999,
	"mod_dx_median": -0.5606645751046813,
	"mod_da_median": -0.003102800238696043,
	"mod_dx_mean": -0.5015501129162584,
	"mod_da_mean": -0.003245827426591589,
	"mod_dx_std": 1.3773317078085527,
	"mod_da_std": 0.005422780160804829,
	"mod_dx_iqr": 1.010157197549306,
	"mod_da_iqr": 0.00600513552829657,
	"skew_dx": 1.0320220352815377,
	"skew_da": -0.7362502463515245,
	"dx_mmm": 0.04291955369449731,
	"da_mmm": -0.026375251006730528,
	"dx_mode": -0.6499999999999999,
	"da_mode": -0.002999999999999999
}