{
	"name": "sep5_models/MyTCN_CL5.3.1.0..5.3.1.0_DLnone_CBNormTrue_DBNormFalse_IBNormFalse_ll1_ptype0_penXTrue_penATrue_bkgPenFalse_regBiasTrue_Flatten_DetMat_HAND0_3",
	"clayers": "CL5.3.1.0..5.3.1.0",
	"dlayers": "DLnone",
	"CBNorm": true,
	"DBNorm": false,
	"IBNorm": false,
	"LL": "ll1",
	"ptype": "ptype0",
	"penX": true,
	"penA": true,
	"bkgPen": false,
	"regBias": true,
	"qkeras": false,
	"qbits": 0,
	"qibits": 0,
	"pool": 2,
	"l1reg": 0,
	"detmat": 1,
	"npars": 403,
	"mod_mae_x": 15.376702539632603,
	"mod_mae_a": 0.078042057104193,
	"mod_mse_x": 286.845102074819,
	"mod_mse_a": 0.007705512758252727,
	"mod_auc": 0.9526542975760001,
	"mod_dx_median": 16.664600454782022,
	"mod_da_median": 0.06894989448710934,
	"mod_dx_mean": 12.719158296773921,
	"mod_da_mean": 0.061841984664514994,
	"mod_dx_std": 11.183385636578315,
	"mod_da_std": 0.062298328155790984,
	"mod_dx_iqr": 15.326048282536792,
	"mod_da_iqr": 0.0440248747542992,
	"skew_dx": -2.653321671659346,
	"skew_da": -2.026297658898328,
	"dx_mmm": -0.3527949662312865,
	"da_mmm": -0.11409471221794933,
	"dx_mode": 0.79,
	"da_mode": 0.0178
}