{
	"name": "sep5_models/MyTCN_CL5.3.1.0..5.3.1.0_DLnone_CBNormTrue_DBNormFalse_IBNormFalse_ll1_ptype0_penXTrue_penATrue_bkgPenFalse_regBiasTrue_Flatten_DetMat_HAND0_7",
	"clayers": "CL5.3.1.0..5.3.1.0",
	"dlayers": "DLnone",
	"CBNorm": true,
	"DBNorm": false,
	"IBNorm": false,
	"LL": "ll1",
	"ptype": "ptype0",
	"penX": true,
	"penA": true,
	"bkgPen": false,
	"regBias": true,
	"qkeras": false,
	"qbits": 0,
	"qibits": 0,
	"pool": 2,
	"l1reg": 0,
	"detmat": 1,
	"npars": 403,
	"mod_mae_x": 0.6136710720997247,
	"mod_mae_a": 0.0074858957536709245,
	"mod_mse_x": 1.581409514694231,
	"mod_mse_a": 7.876013058359873e-05,
	"mod_auc": 0.991196457056,
	"mod_dx_median": -0.09781467177383973,
	"mod_da_median": 0.006937976299228453,
	"mod_dx_mean": -0.12318897971614351,
	"mod_da_mean": 0.006635141909584579,
	"mod_dx_std": 1.2514927047213364,
	"mod_da_std": 0.005893642542882373,
	"mod_dx_iqr": 1.0411968629119306,
	"mod_da_iqr": 0.005851283639138269,
	"skew_dx": -1.2308665125178182,
	"skew_da": -1.569629650616784,
	"dx_mmm": -0.020275234403346956,
	"da_mmm": -0.05138322988549761,
	"dx_mode": -0.13,
	"da_mode": 0.007000000000000001
}