{
	"name": "sep5_models/MyTCN_CL4.3.1.0..4.3.1.0_DLnone_CBNormTrue_DBNormFalse_IBNormTrue_ll1_ptype0_penXTrue_penATrue_bkgPenFalse_regBiasTrue_Flatten_DetMat",
	"clayers": "CL4.3.1.0..4.3.1.0",
	"dlayers": "DLnone",
	"CBNorm": true,
	"DBNorm": false,
	"IBNorm": true,
	"LL": "ll1",
	"ptype": "ptype0",
	"penX": true,
	"penA": true,
	"bkgPen": false,
	"regBias": true,
	"qkeras": false,
	"qbits": 0,
	"qibits": 0,
	"pool": 2,
	"l1reg": 0,
	"detmat": 1,
	"npars": 323,
	"mod_mae_x": 0.7321708136725112,
	"mod_mae_a": 0.004222192849349002,
	"mod_mse_x": 2.4961404514394516,
	"mod_mse_a": 5.371084006666448e-05,
	"mod_auc": 0.9919590765920001,
	"mod_dx_median": -0.09100872498233414,
	"mod_da_median": -0.0009048128622335012,
	"mod_dx_mean": -0.05998126889828838,
	"mod_da_mean": -0.001377811795345447,
	"mod_dx_std": 1.5787788631790087,
	"mod_da_std": 0.0071980882686496295,
	"mod_dx_iqr": 1.1250873704750983,
	"mod_da_iqr": 0.007837542026020446,
	"skew_dx": 2.2472193279436006,
	"skew_da": -2.32776003969747,
	"dx_mmm": 0.019652819535200313,
	"da_mmm": -0.06571174393234845,
	"dx_mode": -0.13,
	"da_mode": -0.0009999999999999992
}