{
	"name": "sep5_models/MyTCN_CL4.3.1.0..4.3.1.0_DLnone_CBNormTrue_DBNormFalse_IBNormFalse_ll1_ptype0_penXTrue_penATrue_bkgPenFalse_regBiasTrue_Flatten_DetMat",
	"clayers": "CL4.3.1.0..4.3.1.0",
	"dlayers": "DLnone",
	"CBNorm": true,
	"DBNorm": false,
	"IBNorm": false,
	"LL": "ll1",
	"ptype": "ptype0",
	"penX": true,
	"penA": true,
	"bkgPen": false,
	"regBias": true,
	"qkeras": false,
	"qbits": 0,
	"qibits": 0,
	"pool": 2,
	"l1reg": 0,
	"detmat": 1,
	"npars": 323,
	"mod_mae_x": 0.6199521015743232,
	"mod_mae_a": 0.0036966341062947884,
	"mod_mse_x": 1.8599061097502743,
	"mod_mse_a": 3.8624680567455156e-05,
	"mod_auc": 0.9938134515599999,
	"mod_dx_median": 0.027904953438337543,
	"mod_da_median": 0.0006097342500151412,
	"mod_dx_mean": 0.12311619753093705,
	"mod_da_mean": 0.0006395167998711686,
	"mod_dx_std": 1.3582151934269466,
	"mod_da_std": 0.006181884731223779,
	"mod_dx_iqr": 1.0082753828729878,
	"mod_da_iqr": 0.007270565281304263,
	"skew_dx": 2.9835429956879422,
	"skew_da": 0.5633972866532836,
	"dx_mmm": 0.07010026434203673,
	"da_mmm": 0.004817713553538153,
	"dx_mode": 0.050000000000000044,
	"da_mode": 0.0010000000000000009
}