{
	"name": "sep5_models/MyTCN_CL5.3.1.0..5.3.1.0_DLnone_CBNormFalse_DBNormFalse_IBNormFalse_ll1_ptype0_penXTrue_penATrue_bkgPenFalse_regBiasTrue_Flatten_DetMat_HAND0_9",
	"clayers": "CL5.3.1.0..5.3.1.0",
	"dlayers": "DLnone",
	"CBNorm": false,
	"DBNorm": false,
	"IBNorm": false,
	"LL": "ll1",
	"ptype": "ptype0",
	"penX": true,
	"penA": true,
	"bkgPen": false,
	"regBias": true,
	"qkeras": false,
	"qbits": 0,
	"qibits": 0,
	"pool": 2,
	"l1reg": 0,
	"detmat": 1,
	"npars": 383,
	"mod_mae_x": 0.6007471395261766,
	"mod_mae_a": 0.003101734235760434,
	"mod_mse_x": 1.8080207897075398,
	"mod_mse_a": 2.9459158552583552e-05,
	"mod_auc": 0.958068660664,
	"mod_dx_median": -0.03097594036746809,
	"mod_da_median": -0.0003250702234841897,
	"mod_dx_mean": 0.011918736710779879,
	"mod_da_mean": -0.0004633759991329537,
	"mod_dx_std": 1.344573811072772,
	"mod_da_std": 0.005407812980864916,
	"mod_dx_iqr": 0.9113459445318398,
	"mod_da_iqr": 0.0059058724385740915,
	"skew_dx": 0.9369913939963794,
	"skew_da": -0.7232584416490053,
	"dx_mmm": 0.03190206199540978,
	"da_mmm": -0.02557517727372362,
	"dx_mode": -0.06999999999999995,
	"da_mode": -0.00020000000000000052
}