{
	"name": "sep5_models/MyTCN_CL5.3.1.0..5.3.1.0_DLnone_CBNormFalse_DBNormFalse_IBNormFalse_ll1_ptype0_penXTrue_penATrue_bkgPenFalse_regBiasTrue_Flatten_DetMat_HAND0_10",
	"clayers": "CL5.3.1.0..5.3.1.0",
	"dlayers": "DLnone",
	"CBNorm": false,
	"DBNorm": false,
	"IBNorm": false,
	"LL": "ll1",
	"ptype": "ptype0",
	"penX": true,
	"penA": true,
	"bkgPen": false,
	"regBias": true,
	"qkeras": false,
	"qbits": 0,
	"qibits": 0,
	"pool": 2,
	"l1reg": 0,
	"detmat": 1,
	"npars": 383,
	"mod_mae_x": 0.606381504799029,
	"mod_mae_a": 0.003107290947463068,
	"mod_mse_x": 1.8245899224019149,
	"mod_mse_a": 2.9502249194434608e-05,
	"mod_auc": 0.958068660664,
	"mod_dx_median": 0.06500613228985941,
	"mod_da_median": -0.00034782031125351037,
	"mod_dx_mean": 0.10837782727686529,
	"mod_da_mean": -0.00048107829428231533,
	"mod_dx_std": 1.3464190168579249,
	"mod_da_std": 0.005410250721473546,
	"mod_dx_iqr": 0.918175316981491,
	"mod_da_iqr": 0.005920402809355451,
	"skew_dx": 0.9312209192548436,
	"skew_da": -0.7117193315307655,
	"dx_mmm": 0.032212628048154265,
	"da_mmm": -0.02463064835422462,
	"dx_mode": 0.030000000000000027,
	"da_mode": -0.00020000000000000052
}