{
	"name": "sep5_models/MyTCN_CL5.3.1.0..5.3.3.0_DLnone_CBNormFalse_DBNormFalse_IBNormFalse_ll1_ptype0_penXTrue_penATrue_bkgPenFalse_regBiasTrue_Flatten_DetMat_HAND1_7",
	"clayers": "CL5.3.1.0..5.3.3.0",
	"dlayers": "DLnone",
	"CBNorm": false,
	"DBNorm": false,
	"IBNorm": false,
	"LL": "ll1",
	"ptype": "ptype0",
	"penX": true,
	"penA": true,
	"bkgPen": false,
	"regBias": true,
	"qkeras": false,
	"qbits": 0,
	"qibits": 0,
	"pool": 2,
	"l1reg": 0,
	"detmat": 1,
	"npars": 203,
	"mod_mae_x": 0.6660967080037159,
	"mod_mae_a": 0.003363324565470406,
	"mod_mse_x": 1.9915416055249255,
	"mod_mse_a": 5.4147581490754875e-05,
	"mod_auc": 0.92546270072,
	"mod_dx_median": 0.28779240607774526,
	"mod_da_median": 0.00016131516868715147,
	"mod_dx_mean": 0.257707281314271,
	"mod_da_mean": 8.321428435234779e-05,
	"mod_dx_std": 1.3874900225524263,
	"mod_da_std": 0.007358033492288181,
	"mod_dx_iqr": 0.6697395075688694,
	"mod_da_iqr": 0.004975643414517981,
	"skew_dx": -0.35357942058629216,
	"skew_da": -0.6744274065239937,
	"dx_mmm": -0.021683128724867988,
	"da_mmm": -0.010614369235565423,
	"dx_mode": 0.31000000000000005,
	"da_mode": 0.00020000000000000052
}