{
	"name": "sep5_models/MyTCN_CL5.3.1.0..5.3.1.0_DLnone_CBNormTrue_DBNormFalse_IBNormFalse_ll1_ptype0_penXTrue_penATrue_bkgPenFalse_regBiasTrue_Flatten_DetMat_0.4",
	"clayers": "CL5.3.1.0..5.3.1.0",
	"dlayers": "DLnone",
	"CBNorm": true,
	"DBNorm": false,
	"IBNorm": false,
	"LL": "ll1",
	"ptype": "ptype0",
	"penX": true,
	"penA": true,
	"bkgPen": false,
	"regBias": true,
	"qkeras": false,
	"qbits": 0,
	"qibits": 0,
	"pool": 2,
	"l1reg": 0,
	"detmat": 1,
	"npars": 403,
	"mod_mae_x": 1.1620378864413947,
	"mod_mae_a": 0.002956042791585516,
	"mod_mse_x": 2.6040757520559454,
	"mod_mse_a": 3.0452708294872795e-05,
	"mod_auc": 0.9937078966799999,
	"mod_dx_median": -0.9620377778911191,
	"mod_da_median": -0.00019252045824465214,
	"mod_dx_mean": -0.9015879318626315,
	"mod_da_mean": -0.00027651379762033777,
	"mod_dx_std": 1.3383627883259486,
	"mod_da_std": 0.005511465178570793,
	"mod_dx_iqr": 0.8464468918017496,
	"mod_da_iqr": 0.005422106835869758,
	"skew_dx": -0.25820294123123255,
	"skew_da": -0.25680112771807667,
	"dx_mmm": 0.045167010436758685,
	"da_mmm": -0.015239747808307188,
	"dx_mode": -0.99,
	"da_mode": -0.00020000000000000052
}