{
	"name": "sep5_models/MyTCN_CL5.3.1.0..5.3.1.0_DLnone_CBNormFalse_DBNormFalse_IBNormFalse_ll1_ptype0_penXTrue_penATrue_bkgPenFalse_regBiasTrue_Flatten_DetMat_HAND0_7",
	"clayers": "CL5.3.1.0..5.3.1.0",
	"dlayers": "DLnone",
	"CBNorm": false,
	"DBNorm": false,
	"IBNorm": false,
	"LL": "ll1",
	"ptype": "ptype0",
	"penX": true,
	"penA": true,
	"bkgPen": false,
	"regBias": true,
	"qkeras": false,
	"qbits": 0,
	"qibits": 0,
	"pool": 2,
	"l1reg": 0,
	"detmat": 1,
	"npars": 383,
	"mod_mae_x": 0.6230566779393917,
	"mod_mae_a": 0.003370359789478046,
	"mod_mse_x": 1.851725400251215,
	"mod_mse_a": 3.082927612086915e-05,
	"mod_auc": 0.958102135504,
	"mod_dx_median": 0.07632418339853508,
	"mod_da_median": 0.0013071243040351163,
	"mod_dx_mean": 0.11023801858954571,
	"mod_da_mean": 0.0011660748733389428,
	"mod_dx_std": 1.3563085856502812,
	"mod_da_std": 0.0054285859586670196,
	"mod_dx_iqr": 0.9596448029446484,
	"mod_da_iqr": 0.006018970039557082,
	"skew_dx": 0.8227686145782717,
	"skew_da": -0.7454101683271859,
	"dx_mmm": 0.02500451265281246,
	"da_mmm": -0.025982720319824855,
	"dx_mode": 0.09000000000000008,
	"da_mode": 0.0014000000000000002
}