{
	"name": "sep5_models/MyTCN_CL5.3.1.0..5.3.1.0_DLnone_CBNormFalse_DBNormFalse_IBNormFalse_ll1_ptype0_penXTrue_penATrue_bkgPenFalse_regBiasTrue_Flatten_DetMat_0.7",
	"clayers": "CL5.3.1.0..5.3.1.0",
	"dlayers": "DLnone",
	"CBNorm": false,
	"DBNorm": false,
	"IBNorm": false,
	"LL": "ll1",
	"ptype": "ptype0",
	"penX": true,
	"penA": true,
	"bkgPen": false,
	"regBias": true,
	"qkeras": false,
	"qbits": 0,
	"qibits": 0,
	"pool": 2,
	"l1reg": 0,
	"detmat": 1,
	"npars": 383,
	"mod_mae_x": 0.5698486138741397,
	"mod_mae_a": 0.0027077116050672977,
	"mod_mse_x": 1.7254043131431254,
	"mod_mse_a": 2.7022329183273508e-05,
	"mod_auc": 0.957485664968,
	"mod_dx_median": 0.10770389686673276,
	"mod_da_median": -0.00011054630665968592,
	"mod_dx_mean": 0.12642940761399907,
	"mod_da_mean": -0.0002914033505191175,
	"mod_dx_std": 1.307447864365344,
	"mod_da_std": 0.005190126517781598,
	"mod_dx_iqr": 0.7786974397575772,
	"mod_da_iqr": 0.004794511815694269,
	"skew_dx": 0.5694324440652931,
	"skew_da": -0.9784770088522291,
	"dx_mmm": 0.014322185425233737,
	"da_mmm": -0.034846365158885347,
	"dx_mode": 0.09000000000000008,
	"da_mode": -0.00020000000000000052
}