{
	"name": "sep5_models/MyTCN_CL5.3.1.0..5.3.1.0_DLnone_CBNormTrue_DBNormFalse_IBNormFalse_ll1_ptype0_penXTrue_penATrue_bkgPenFalse_regBiasTrue_Flatten_DetMat_HAND0_8",
	"clayers": "CL5.3.1.0..5.3.1.0",
	"dlayers": "DLnone",
	"CBNorm": true,
	"DBNorm": false,
	"IBNorm": false,
	"LL": "ll1",
	"ptype": "ptype0",
	"penX": true,
	"penA": true,
	"bkgPen": false,
	"regBias": true,
	"qkeras": false,
	"qbits": 0,
	"qibits": 0,
	"pool": 2,
	"l1reg": 0,
	"detmat": 1,
	"npars": 403,
	"mod_mae_x": 0.5843442938231016,
	"mod_mae_a": 0.0033911748425306623,
	"mod_mse_x": 1.679470646624344,
	"mod_mse_a": 3.7347654859064856e-05,
	"mod_auc": 0.9938971513279999,
	"mod_dx_median": 0.024989295361089958,
	"mod_da_median": -0.0011700619629030663,
	"mod_dx_mean": 0.042969884265582264,
	"mod_da_mean": -0.0015874590585363863,
	"mod_dx_std": 1.2952313444595707,
	"mod_da_std": 0.005901493759764186,
	"mod_dx_iqr": 0.9187604585153721,
	"mod_da_iqr": 0.0060004921376478546,
	"skew_dx": -0.00547248580768331,
	"skew_da": -1.5834432415935862,
	"dx_mmm": 0.013882144669680322,
	"da_mmm": -0.07072736371918123,
	"dx_mode": 0.030000000000000027,
	"da_mode": -0.0005999999999999998
}