{
	"name": "sep5_models/MyTCN_CL5.3.1.0..5.3.1.0_DLnone_CBNormTrue_DBNormFalse_IBNormFalse_ll1_ptype0_penXTrue_penATrue_bkgPenFalse_regBiasTrue_Flatten_DetMat_HAND0_9",
	"clayers": "CL5.3.1.0..5.3.1.0",
	"dlayers": "DLnone",
	"CBNorm": true,
	"DBNorm": false,
	"IBNorm": false,
	"LL": "ll1",
	"ptype": "ptype0",
	"penX": true,
	"penA": true,
	"bkgPen": false,
	"regBias": true,
	"qkeras": false,
	"qbits": 0,
	"qibits": 0,
	"pool": 2,
	"l1reg": 0,
	"detmat": 1,
	"npars": 403,
	"mod_mae_x": 0.5894250163851047,
	"mod_mae_a": 0.0030388928877863957,
	"mod_mse_x": 1.6897570281646737,
	"mod_mse_a": 3.1692220452680295e-05,
	"mod_auc": 0.993896765256,
	"mod_dx_median": -0.001037400453064663,
	"mod_da_median": -0.0005975661841072163,
	"mod_dx_mean": 0.035603486583128244,
	"mod_da_mean": -0.0007567903853276802,
	"mod_dx_std": 1.2994188777710594,
	"mod_da_std": 0.005578484450579376,
	"mod_dx_iqr": 0.9253866472603687,
	"mod_da_iqr": 0.0054898172508702405,
	"skew_dx": 0.5568248915437235,
	"skew_da": -0.4026674063039981,
	"dx_mmm": 0.028197902664800715,
	"da_mmm": -0.02854255535370847,
	"dx_mode": -0.010000000000000009,
	"da_mode": -0.0005999999999999998
}