{
	"name": "sep5_models/MyTCN_CL4.3.1.0..4.3.3.0_DLnone_CBNormTrue_DBNormFalse_IBNormTrue_ll1_ptype0_penXTrue_penATrue_bkgPenFalse_regBiasTrue_Flatten_DetMat",
	"clayers": "CL4.3.1.0..4.3.3.0",
	"dlayers": "DLnone",
	"CBNorm": true,
	"DBNorm": false,
	"IBNorm": true,
	"LL": "ll1",
	"ptype": "ptype0",
	"penX": true,
	"penA": true,
	"bkgPen": false,
	"regBias": true,
	"qkeras": false,
	"qbits": 0,
	"qibits": 0,
	"pool": 2,
	"l1reg": 0,
	"detmat": 1,
	"npars": 179,
	"mod_mae_x": 0.6123458806267652,
	"mod_mae_a": 0.004606089635682534,
	"mod_mse_x": 2.8262597462924126,
	"mod_mse_a": 7.3593066422034e-05,
	"mod_auc": 0.975332315872,
	"mod_dx_median": -0.02812003324922152,
	"mod_da_median": -2.171371294042851e-05,
	"mod_dx_mean": -0.23754503719151018,
	"mod_da_mean": -3.547988709076516e-06,
	"mod_dx_std": 1.6642812567586334,
	"mod_da_std": 0.008578639392922988,
	"mod_dx_iqr": 0.6563842852282292,
	"mod_da_iqr": 0.007837811838830937,
	"skew_dx": -4.075285678139475,
	"skew_da": 0.18443724874403092,
	"dx_mmm": -0.12583510334675424,
	"da_mmm": 0.0021175530756471638,
	"dx_mode": -0.010000000000000009,
	"da_mode": 0.0006000000000000016
}