{
	"name": "sep5_models/MyTCN_CL5.3.1.0..5.3.3.0_DLnone_CBNormTrue_DBNormFalse_IBNormTrue_ll1_ptype0_penXTrue_penATrue_bkgPenFalse_regBiasTrue_Flatten_DetMat",
	"clayers": "CL5.3.1.0..5.3.3.0",
	"dlayers": "DLnone",
	"CBNorm": true,
	"DBNorm": false,
	"IBNorm": true,
	"LL": "ll1",
	"ptype": "ptype0",
	"penX": true,
	"penA": true,
	"bkgPen": false,
	"regBias": true,
	"qkeras": false,
	"qbits": 0,
	"qibits": 0,
	"pool": 2,
	"l1reg": 0,
	"detmat": 1,
	"npars": 223,
	"mod_mae_x": 0.6019598039717976,
	"mod_mae_a": 0.0032881756969172977,
	"mod_mse_x": 2.3897698776254206,
	"mod_mse_a": 5.189579194116015e-05,
	"mod_auc": 0.990830240792,
	"mod_dx_median": -0.029733576998131284,
	"mod_da_median": -0.00016121142208941688,
	"mod_dx_mean": 0.00505274848257825,
	"mod_da_mean": -3.4847944996741734e-05,
	"mod_dx_std": 1.5458797971893523,
	"mod_da_std": 0.007203789111425296,
	"mod_dx_iqr": 0.8441485210473977,
	"mod_da_iqr": 0.005418053668013931,
	"skew_dx": 4.979264342672216,
	"skew_da": -1.3182214948703599,
	"dx_mmm": 0.02250260695815835,
	"da_mmm": 0.0175412515744334,
	"dx_mode": -0.06999999999999995,
	"da_mode": -0.00020000000000000052
}