{
	"name": "sep5_models/MyTCN_CL5.3.1.0..6.3.1.0_DLnone_CBNormTrue_DBNormFalse_IBNormFalse_ll1_ptype0_penXTrue_penATrue_bkgPenFalse_regBiasTrue_Flatten_DetMat",
	"clayers": "CL5.3.1.0..6.3.1.0",
	"dlayers": "DLnone",
	"CBNorm": true,
	"DBNorm": false,
	"IBNorm": false,
	"LL": "ll1",
	"ptype": "ptype0",
	"penX": true,
	"penA": true,
	"bkgPen": false,
	"regBias": true,
	"qkeras": false,
	"qbits": 0,
	"qibits": 0,
	"pool": 2,
	"l1reg": 0,
	"detmat": 1,
	"npars": 483,
	"mod_mae_x": 0.6704414991472223,
	"mod_mae_a": 0.0031085763950227897,
	"mod_mse_x": 2.090484575051739,
	"mod_mse_a": 3.265517072014785e-05,
	"mod_auc": 0.9962276836239999,
	"mod_dx_median": 0.020636941340576698,
	"mod_da_median": 0.00010766464069199982,
	"mod_dx_mean": 0.13998362112939047,
	"mod_da_mean": -0.000279679462496156,
	"mod_dx_std": 1.439058428580036,
	"mod_da_std": 0.00570762210718314,
	"mod_dx_iqr": 1.0954400671044875,
	"mod_da_iqr": 0.005889886842983659,
	"skew_dx": 2.5663578967360636,
	"skew_da": -2.0517317040528793,
	"dx_mmm": 0.08293386663012486,
	"da_mmm": -0.06786435680467995,
	"dx_mode": 0.010000000000000009,
	"da_mode": 0.0006000000000000016
}