{
	"name": "sep5_models/MyTCN_CL4.3.1.0..4.3.1.0_DLnone_CBNormFalse_DBNormFalse_IBNormFalse_ll1_ptype0_penXTrue_penATrue_bkgPenFalse_regBiasTrue_Flatten_DetMat",
	"clayers": "CL4.3.1.0..4.3.1.0",
	"dlayers": "DLnone",
	"CBNorm": false,
	"DBNorm": false,
	"IBNorm": false,
	"LL": "ll1",
	"ptype": "ptype0",
	"penX": true,
	"penA": true,
	"bkgPen": false,
	"regBias": true,
	"qkeras": false,
	"qbits": 0,
	"qibits": 0,
	"pool": 2,
	"l1reg": 0,
	"detmat": 1,
	"npars": 307,
	"mod_mae_x": 0.5587066686213679,
	"mod_mae_a": 0.003130137707562547,
	"mod_mse_x": 1.5896206744202304,
	"mod_mse_a": 3.3055437333163174e-05,
	"mod_auc": 0.930566975008,
	"mod_dx_median": 0.08620134732428397,
	"mod_da_median": 0.00022810460219226114,
	"mod_dx_mean": 0.07789073016945787,
	"mod_da_mean": 8.936213633508194e-05,
	"mod_dx_std": 1.2583933044060187,
	"mod_da_std": 0.005748691306876096,
	"mod_dx_iqr": 0.8627315122250954,
	"mod_da_iqr": 0.005727231155603323,
	"skew_dx": -1.501014684266161,
	"skew_da": -0.12013015166017799,
	"dx_mmm": -0.00660414921609015,
	"da_mmm": -0.02413461750698411,
	"dx_mode": 0.07000000000000006,
	"da_mode": 0.00020000000000000052
}