{
	"name": "sep5_models/MyTCN_CL5.3.1.0..5.3.1.0_DLnone_CBNormFalse_DBNormFalse_IBNormFalse_ll1_ptype0_penXTrue_penATrue_bkgPenFalse_regBiasTrue_Flatten_DetMat_0.4",
	"clayers": "CL5.3.1.0..5.3.1.0",
	"dlayers": "DLnone",
	"CBNorm": false,
	"DBNorm": false,
	"IBNorm": false,
	"LL": "ll1",
	"ptype": "ptype0",
	"penX": true,
	"penA": true,
	"bkgPen": false,
	"regBias": true,
	"qkeras": false,
	"qbits": 0,
	"qibits": 0,
	"pool": 2,
	"l1reg": 0,
	"detmat": 1,
	"npars": 383,
	"mod_mae_x": 0.5705617239652153,
	"mod_mae_a": 0.002771090088571394,
	"mod_mse_x": 1.7372687006186334,
	"mod_mse_a": 2.7546235023233053e-05,
	"mod_auc": 0.957828557648,
	"mod_dx_median": 0.08475961860446013,
	"mod_da_median": -0.00028100966277495865,
	"mod_dx_mean": 0.10281679634554675,
	"mod_da_mean": -0.0004541934255792906,
	"mod_dx_std": 1.3140385865749422,
	"mod_da_std": 0.005228761168325974,
	"mod_dx_iqr": 0.7954089738700703,
	"mod_da_iqr": 0.004920765726112029,
	"skew_dx": 0.5624972483485323,
	"skew_da": -0.9552386209471053,
	"dx_mmm": 0.013741740863297533,
	"da_mmm": -0.033121375643129246,
	"dx_mode": 0.050000000000000044,
	"da_mode": -0.00020000000000000052
}