{
	"name": "sep5_models/MyTCN_CL5.3.1.0..5.3.3.0_DLnone_CBNormFalse_DBNormFalse_IBNormFalse_ll1_ptype0_penXTrue_penATrue_bkgPenFalse_regBiasTrue_Flatten_DetMat_HAND1_4",
	"clayers": "CL5.3.1.0..5.3.3.0",
	"dlayers": "DLnone",
	"CBNorm": false,
	"DBNorm": false,
	"IBNorm": false,
	"LL": "ll1",
	"ptype": "ptype0",
	"penX": true,
	"penA": true,
	"bkgPen": false,
	"regBias": true,
	"qkeras": false,
	"qbits": 0,
	"qibits": 0,
	"pool": 2,
	"l1reg": 0,
	"detmat": 1,
	"npars": 203,
	"mod_mae_x": 1.426818935448447,
	"mod_mae_a": 0.005195966353750903,
	"mod_mse_x": 3.550083508603217,
	"mod_mse_a": 7.316220790375492e-05,
	"mod_auc": 0.925577213552,
	"mod_dx_median": -1.1993911664010426,
	"mod_da_median": -0.002965070289037249,
	"mod_dx_mean": -1.2216687123572554,
	"mod_da_mean": -0.0037040376795740753,
	"mod_dx_std": 1.4344368462398691,
	"mod_da_std": 0.007709884095889535,
	"mod_dx_iqr": 1.1373187628541763,
	"mod_da_iqr": 0.006625268919107855,
	"skew_dx": -0.090288098761046,
	"skew_da": -1.5155006479472897,
	"dx_mmm": -0.015530517090807841,
	"da_mmm": -0.09584675740207312,
	"dx_mode": -0.9299999999999999,
	"da_mode": -0.0026
}