{
	"name": "sep5_models/MyTCN_CL5.3.1.0..5.3.1.0_DLnone_CBNormTrue_DBNormFalse_IBNormFalse_ll1_ptype0_penXTrue_penATrue_bkgPenFalse_regBiasTrue_Flatten_DetMat_HAND0_5",
	"clayers": "CL5.3.1.0..5.3.1.0",
	"dlayers": "DLnone",
	"CBNorm": true,
	"DBNorm": false,
	"IBNorm": false,
	"LL": "ll1",
	"ptype": "ptype0",
	"penX": true,
	"penA": true,
	"bkgPen": false,
	"regBias": true,
	"qkeras": false,
	"qbits": 0,
	"qibits": 0,
	"pool": 2,
	"l1reg": 0,
	"detmat": 1,
	"npars": 403,
	"mod_mae_x": 0.9982421498121503,
	"mod_mae_a": 0.01127720709354597,
	"mod_mse_x": 2.239555674238891,
	"mod_mse_a": 0.00016225802479469966,
	"mod_auc": 0.9900365985519999,
	"mod_dx_median": 0.5368871412681422,
	"mod_da_median": -0.01057026230709928,
	"mod_dx_mean": 0.5316181520473047,
	"mod_da_mean": -0.010937656822084321,
	"mod_dx_std": 1.3989059348836506,
	"mod_da_std": 0.006528835120985363,
	"mod_dx_iqr": 1.9514006673194193,
	"mod_da_iqr": 0.008358020933717628,
	"skew_dx": -0.9637313654640678,
	"skew_da": -1.4926317278022976,
	"dx_mmm": -0.0037665071606660583,
	"da_mmm": -0.05627259812460876,
	"dx_mode": 0.53,
	"da_mode": -0.0102
}