{
	"name": "sep5_models/MyTCN_CL5.3.1.0..5.3.1.0_DLnone_CBNormTrue_DBNormFalse_IBNormTrue_ll1_ptype0_penXTrue_penATrue_bkgPenFalse_regBiasTrue_Flatten_DetMat",
	"clayers": "CL5.3.1.0..5.3.1.0",
	"dlayers": "DLnone",
	"CBNorm": true,
	"DBNorm": false,
	"IBNorm": true,
	"LL": "ll1",
	"ptype": "ptype0",
	"penX": true,
	"penA": true,
	"bkgPen": false,
	"regBias": true,
	"qkeras": false,
	"qbits": 0,
	"qibits": 0,
	"pool": 2,
	"l1reg": 0,
	"detmat": 1,
	"npars": 403,
	"mod_mae_x": 0.786856384889084,
	"mod_mae_a": 0.006729795168399397,
	"mod_mse_x": 2.3485363709229627,
	"mod_mse_a": 8.98615727162693e-05,
	"mod_auc": 0.985313818936,
	"mod_dx_median": 0.016903698146128576,
	"mod_da_median": 0.0005152471389947792,
	"mod_dx_mean": 0.11476236340336413,
	"mod_da_mean": 0.00046684688422305505,
	"mod_dx_std": 1.5281904236282324,
	"mod_da_std": 0.009468031828366471,
	"mod_dx_iqr": 1.379245497056266,
	"mod_da_iqr": 0.01487851777858965,
	"skew_dx": 0.8295065117550323,
	"skew_da": -0.3846494507423309,
	"dx_mmm": 0.06403564879362307,
	"da_mmm": -0.005111965786460041,
	"dx_mode": -0.06999999999999995,
	"da_mode": -0.00020000000000000052
}