{
	"name": "sep5_models/MyTCN_CL5.4.1.0..5.4.1.0_DLnone_CBNormFalse_DBNormFalse_IBNormFalse_ll1_ptype0_penXTrue_penATrue_bkgPenFalse_regBiasTrue_Flatten_DetMat",
	"clayers": "CL5.4.1.0..5.4.1.0",
	"dlayers": "DLnone",
	"CBNorm": false,
	"DBNorm": false,
	"IBNorm": false,
	"LL": "ll1",
	"ptype": "ptype0",
	"penX": true,
	"penA": true,
	"bkgPen": false,
	"regBias": true,
	"qkeras": false,
	"qbits": 0,
	"qibits": 0,
	"pool": 2,
	"l1reg": 0,
	"detmat": 1,
	"npars": 403,
	"mod_mae_x": 0.6575407087428277,
	"mod_mae_a": 0.0037036349325590776,
	"mod_mse_x": 1.8074910091328984,
	"mod_mse_a": 3.597712645816821e-05,
	"mod_auc": 0.951658091616,
	"mod_dx_median": -0.04137685149915349,
	"mod_da_median": -0.0007327623956398452,
	"mod_dx_mean": 0.03434768703952792,
	"mod_da_mean": -0.000864273047610975,
	"mod_dx_std": 1.343990790715447,
	"mod_da_std": 0.005935499857412301,
	"mod_dx_iqr": 1.120397150237933,
	"mod_da_iqr": 0.0072658469589398375,
	"skew_dx": 1.3453866366120801,
	"skew_da": -0.38523026918598124,
	"dx_mmm": 0.05634304867399497,
	"da_mmm": -0.022156626253962117,
	"dx_mode": -0.04999999999999999,
	"da_mode": -0.0005999999999999998
}