{
	"name": "sep5_models/MyTCN_CL5.3.1.0..5.3.1.0_DLnone_CBNormFalse_DBNormFalse_IBNormFalse_ll1_ptype0_penXTrue_penATrue_bkgPenFalse_regBiasTrue_Flatten_DetMat_0.1",
	"clayers": "CL5.3.1.0..5.3.1.0",
	"dlayers": "DLnone",
	"CBNorm": false,
	"DBNorm": false,
	"IBNorm": false,
	"LL": "ll1",
	"ptype": "ptype0",
	"penX": true,
	"penA": true,
	"bkgPen": false,
	"regBias": true,
	"qkeras": false,
	"qbits": 0,
	"qibits": 0,
	"pool": 2,
	"l1reg": 0,
	"detmat": 1,
	"npars": 383,
	"mod_mae_x": 0.5585697892598753,
	"mod_mae_a": 0.002825241872378398,
	"mod_mse_x": 1.7245107689542103,
	"mod_mse_a": 2.7749519874466035e-05,
	"mod_auc": 0.95810653476,
	"mod_dx_median": 0.005421571689177895,
	"mod_da_median": -0.00019328296596555702,
	"mod_dx_mean": 0.021329985827595134,
	"mod_da_mean": -0.00038163453521584766,
	"mod_dx_std": 1.3130330539094608,
	"mod_da_std": 0.005253938994316228,
	"mod_dx_iqr": 0.7885115523841959,
	"mod_da_iqr": 0.005134443121934538,
	"skew_dx": 0.5749730751865464,
	"skew_da": -0.9914688364943163,
	"dx_mmm": 0.012115775829900921,
	"da_mmm": -0.035849591983091456,
	"dx_mode": 0.010000000000000009,
	"da_mode": -0.00020000000000000052
}