{
	"name": "sep5_models/MyTCN_CL5.4.1.0..5.4.3.0_DLnone_CBNormFalse_DBNormFalse_IBNormFalse_ll1_ptype0_penXTrue_penATrue_bkgPenFalse_regBiasTrue_Flatten_DetMat",
	"clayers": "CL5.4.1.0..5.4.3.0",
	"dlayers": "DLnone",
	"CBNorm": false,
	"DBNorm": false,
	"IBNorm": false,
	"LL": "ll1",
	"ptype": "ptype0",
	"penX": true,
	"penA": true,
	"bkgPen": false,
	"regBias": true,
	"qkeras": false,
	"qbits": 0,
	"qibits": 0,
	"pool": 2,
	"l1reg": 0,
	"detmat": 1,
	"npars": 238,
	"mod_mae_x": 0.6366720885068695,
	"mod_mae_a": 0.00381446103940467,
	"mod_mse_x": 1.700573081061509,
	"mod_mse_a": 4.100376012246672e-05,
	"mod_auc": 0.9392659463199999,
	"mod_dx_median": -0.05214098215845908,
	"mod_da_median": -0.00048462207636538416,
	"mod_dx_mean": -0.06351393417634922,
	"mod_da_mean": -0.0006375844442721748,
	"mod_dx_std": 1.3025125954196957,
	"mod_da_std": 0.006371596832732659,
	"mod_dx_iqr": 1.024988581663805,
	"mod_da_iqr": 0.0073870754530334344,
	"skew_dx": 1.4869788135209043,
	"skew_da": -0.405317412695963,
	"dx_mmm": -0.00873154859145569,
	"da_mmm": -0.024006912540507984,
	"dx_mode": -0.08999999999999997,
	"da_mode": -0.0005999999999999998
}