{
	"name": "sep5_models/MyTCN_CL5.3.1.0..5.3.3.0_DLnone_CBNormFalse_DBNormFalse_IBNormFalse_ll1_ptype0_penXTrue_penATrue_bkgPenFalse_regBiasTrue_Flatten_DetMat_HAND1_8",
	"clayers": "CL5.3.1.0..5.3.3.0",
	"dlayers": "DLnone",
	"CBNorm": false,
	"DBNorm": false,
	"IBNorm": false,
	"LL": "ll1",
	"ptype": "ptype0",
	"penX": true,
	"penA": true,
	"bkgPen": false,
	"regBias": true,
	"qkeras": false,
	"qbits": 0,
	"qibits": 0,
	"pool": 2,
	"l1reg": 0,
	"detmat": 1,
	"npars": 203,
	"mod_mae_x": 0.5518623154220393,
	"mod_mae_a": 0.003369238569730965,
	"mod_mse_x": 1.9117653511457728,
	"mod_mse_a": 5.42212011292039e-05,
	"mod_auc": 0.925454987328,
	"mod_dx_median": 0.0325497761775857,
	"mod_da_median": -7.329304998010544e-05,
	"mod_dx_mean": -0.001214783605967657,
	"mod_da_mean": -0.00015187711863168441,
	"mod_dx_std": 1.3826654965849705,
	"mod_da_std": 0.00736193822780659,
	"mod_dx_iqr": 0.6310590522509055,
	"mod_da_iqr": 0.005016699746184516,
	"skew_dx": -0.35680040831116727,
	"skew_da": -0.67431167686219,
	"dx_mmm": -0.024419904790383536,
	"da_mmm": -0.0106743721856781,
	"dx_mode": 0.030000000000000027,
	"da_mode": -0.00020000000000000052
}