{
	"name": "sep5_models/MyTCN_CL5.3.1.0..5.3.3.0_DLnone_CBNormFalse_DBNormFalse_IBNormFalse_ll1_ptype0_penXTrue_penATrue_bkgPenFalse_regBiasTrue_Flatten_DetMat_HAND1_5",
	"clayers": "CL5.3.1.0..5.3.3.0",
	"dlayers": "DLnone",
	"CBNorm": false,
	"DBNorm": false,
	"IBNorm": false,
	"LL": "ll1",
	"ptype": "ptype0",
	"penX": true,
	"penA": true,
	"bkgPen": false,
	"regBias": true,
	"qkeras": false,
	"qbits": 0,
	"qibits": 0,
	"pool": 2,
	"l1reg": 0,
	"detmat": 1,
	"npars": 203,
	"mod_mae_x": 0.8371638328532285,
	"mod_mae_a": 0.003957672265284994,
	"mod_mse_x": 2.300283131297174,
	"mod_mse_a": 5.8337343773177765e-05,
	"mod_auc": 0.9255919379519999,
	"mod_dx_median": -0.4496868650527439,
	"mod_da_median": -0.0015319175950681586,
	"mod_dx_mean": -0.46627693486823013,
	"mod_da_mean": -0.0015848241659838676,
	"mod_dx_std": 1.4432147973559106,
	"mod_da_std": 0.00747165819186687,
	"mod_dx_iqr": 1.1637770791505901,
	"mod_da_iqr": 0.005717868580358949,
	"skew_dx": -0.3098307552996811,
	"skew_da": -0.6270015841939063,
	"dx_mmm": -0.011495218761531967,
	"da_mmm": -0.007080967779454816,
	"dx_mode": -0.27,
	"da_mode": -0.0014000000000000002
}