{
	"name": "sep5_models/MyTCN_CL7.3.1.0..5.3.1.0_DLnone_CBNormFalse_DBNormFalse_IBNormFalse_ll1_ptype0_penXTrue_penATrue_bkgPenFalse_regBiasTrue_Flatten_DetMat",
	"clayers": "CL7.3.1.0..5.3.1.0",
	"dlayers": "DLnone",
	"CBNorm": false,
	"DBNorm": false,
	"IBNorm": false,
	"LL": "ll1",
	"ptype": "ptype0",
	"penX": true,
	"penA": true,
	"bkgPen": false,
	"regBias": true,
	"qkeras": false,
	"qbits": 0,
	"qibits": 0,
	"pool": 2,
	"l1reg": 0,
	"detmat": 1,
	"npars": 383,
	"mod_mae_x": 0.7043274932924667,
	"mod_mae_a": 0.003026563130765406,
	"mod_mse_x": 2.0410834317222775,
	"mod_mse_a": 3.148631905406077e-05,
	"mod_auc": 0.9456589906799999,
	"mod_dx_median": -0.022922623540020837,
	"mod_da_median": -0.00033950626876342455,
	"mod_dx_mean": -0.047314740179513884,
	"mod_da_mean": -0.0005884034120908785,
	"mod_dx_std": 1.4278812090240638,
	"mod_da_std": 0.005580331574261566,
	"mod_dx_iqr": 1.1515137026324687,
	"mod_da_iqr": 0.005592585541125442,
	"skew_dx": -0.5986616769021347,
	"skew_da": -1.7248794466606951,
	"dx_mmm": -0.017082735234091852,
	"da_mmm": -0.04460257244846423,
	"dx_mode": -0.030000000000000027,
	"da_mode": -0.00020000000000000052
}