{
	"name": "sep5_models/MyTCN_CL5.3.1.0..5.3.3.0_DLnone_CBNormFalse_DBNormFalse_IBNormFalse_ll1_ptype0_penXTrue_penATrue_bkgPenFalse_regBiasTrue_Flatten_DetMat_0.7",
	"clayers": "CL5.3.1.0..5.3.3.0",
	"dlayers": "DLnone",
	"CBNorm": false,
	"DBNorm": false,
	"IBNorm": false,
	"LL": "ll1",
	"ptype": "ptype0",
	"penX": true,
	"penA": true,
	"bkgPen": false,
	"regBias": true,
	"qkeras": false,
	"qbits": 0,
	"qibits": 0,
	"pool": 2,
	"l1reg": 0,
	"detmat": 1,
	"npars": 203,
	"mod_mae_x": 0.54913079252286,
	"mod_mae_a": 0.0033663819792358603,
	"mod_mse_x": 1.9032586915041618,
	"mod_mse_a": 5.4181687996471285e-05,
	"mod_auc": 0.9254567508639999,
	"mod_dx_median": 0.013396272095706152,
	"mod_da_median": -8.373831320301547e-06,
	"mod_dx_mean": -0.018560754265844425,
	"mod_da_mean": -8.563808109666124e-05,
	"mod_dx_std": 1.379461557965732,
	"mod_da_std": 0.007360322962719596,
	"mod_dx_iqr": 0.6311741537939973,
	"mod_da_iqr": 0.005010610752886101,
	"skew_dx": -0.3559060502165745,
	"skew_da": -0.6709956144722782,
	"dx_mmm": -0.023166304401173055,
	"da_mmm": -0.010497399389633713,
	"dx_mode": 0.010000000000000009,
	"da_mode": 0.00020000000000000052
}