{
	"name": "sep5_models/MyTCN_CL5.3.1.0..5.3.3.0_DLnone_CBNormFalse_DBNormFalse_IBNormFalse_ll1_ptype0_penXTrue_penATrue_bkgPenFalse_regBiasTrue_Flatten_DetMat_HAND1_3",
	"clayers": "CL5.3.1.0..5.3.3.0",
	"dlayers": "DLnone",
	"CBNorm": false,
	"DBNorm": false,
	"IBNorm": false,
	"LL": "ll1",
	"ptype": "ptype0",
	"penX": true,
	"penA": true,
	"bkgPen": false,
	"regBias": true,
	"qkeras": false,
	"qbits": 0,
	"qibits": 0,
	"pool": 2,
	"l1reg": 0,
	"detmat": 1,
	"npars": 203,
	"mod_mae_x": 1.4806224923177906,
	"mod_mae_a": 0.0057592526665090306,
	"mod_mse_x": 3.776974479800953,
	"mod_mse_a": 9.799648714431306e-05,
	"mod_auc": 0.924480596712,
	"mod_dx_median": -1.2810507895895045,
	"mod_da_median": 0.0016974527647713247,
	"mod_dx_mean": -1.3057054215231594,
	"mod_da_mean": 0.002154647436591025,
	"mod_dx_std": 1.4394817928706087,
	"mod_da_std": 0.0096619864193811,
	"mod_dx_iqr": 1.2934603252493533,
	"mod_da_iqr": 0.01031239211873971,
	"skew_dx": -0.6997113279865201,
	"skew_da": -0.31851906697837074,
	"dx_mmm": -0.01712743575900932,
	"da_mmm": 0.047318910623037905,
	"dx_mode": -0.89,
	"da_mode": 0.0014000000000000002
}