{
	"name": "sep5_models/MyTCN_CL5.3.1.0..6.3.1.0_DLnone_CBNormTrue_DBNormFalse_IBNormTrue_ll1_ptype0_penXTrue_penATrue_bkgPenFalse_regBiasTrue_Flatten_DetMat",
	"clayers": "CL5.3.1.0..6.3.1.0",
	"dlayers": "DLnone",
	"CBNorm": true,
	"DBNorm": false,
	"IBNorm": true,
	"LL": "ll1",
	"ptype": "ptype0",
	"penX": true,
	"penA": true,
	"bkgPen": false,
	"regBias": true,
	"qkeras": false,
	"qbits": 0,
	"qibits": 0,
	"pool": 2,
	"l1reg": 0,
	"detmat": 1,
	"npars": 483,
	"mod_mae_x": 0.8278216374634476,
	"mod_mae_a": 0.004542193162885568,
	"mod_mse_x": 2.540529235305125,
	"mod_mse_a": 5.454179314238784e-05,
	"mod_auc": 0.9900924697519999,
	"mod_dx_median": -0.13999554774828127,
	"mod_da_median": -0.0004100235498636796,
	"mod_dx_mean": -0.30343305460296616,
	"mod_da_mean": -0.0010151959405592659,
	"mod_dx_std": 1.564754810403035,
	"mod_da_std": 0.00731513296835128,
	"mod_dx_iqr": 1.3429298873268678,
	"mod_da_iqr": 0.009226029380204656,
	"skew_dx": -1.0810637601138786,
	"skew_da": -0.8525483633457914,
	"dx_mmm": -0.10444927586615833,
	"da_mmm": -0.08272882985365378,
	"dx_mode": -0.06999999999999995,
	"da_mode": -0.00020000000000000052
}