{
	"name": "sep5_models/MyTCN_CL5.3.1.0..5.3.1.0_DLnone_CBNormTrue_DBNormFalse_IBNormFalse_ll1_ptype0_penXTrue_penATrue_bkgPenFalse_regBiasTrue_Flatten_DetMat_HAND0_2",
	"clayers": "CL5.3.1.0..5.3.1.0",
	"dlayers": "DLnone",
	"CBNorm": true,
	"DBNorm": false,
	"IBNorm": false,
	"LL": "ll1",
	"ptype": "ptype0",
	"penX": true,
	"penA": true,
	"bkgPen": false,
	"regBias": true,
	"qkeras": false,
	"qbits": 0,
	"qibits": 0,
	"pool": 2,
	"l1reg": 0,
	"detmat": 1,
	"npars": 403,
	"mod_mae_x": 61.87925737785144,
	"mod_mae_a": 0.06091592855314009,
	"mod_mse_x": 5578.765162139873,
	"mod_mse_a": 0.007797916420707145,
	"mod_auc": 0.5,
	"mod_dx_median": 36.22038509644836,
	"mod_da_median": -0.0423939159561454,
	"mod_dx_mean": 27.289125037389404,
	"mod_da_mean": -0.05171564805603199,
	"mod_dx_std": 69.52746807437762,
	"mod_da_std": 0.07157798660797733,
	"mod_dx_iqr": 129.39752230096153,
	"mod_da_iqr": 0.10264997919998449,
	"skew_dx": -0.8752480612497734,
	"skew_da": -1.984663995853348,
	"dx_mmm": -0.12845656984811618,
	"da_mmm": -0.13023182882944742,
	"dx_mode": -0.85,
	"da_mode": -0.019799999999999998
}