{
	"name": "sep5_models/MyTCN_CL5.3.1.0..5.3.1.0_DLnone_CBNormTrue_DBNormFalse_IBNormFalse_ll1_ptype0_penXTrue_penATrue_bkgPenFalse_regBiasTrue_Flatten_DetMat_0.5",
	"clayers": "CL5.3.1.0..5.3.1.0",
	"dlayers": "DLnone",
	"CBNorm": true,
	"DBNorm": false,
	"IBNorm": false,
	"LL": "ll1",
	"ptype": "ptype0",
	"penX": true,
	"penA": true,
	"bkgPen": false,
	"regBias": true,
	"qkeras": false,
	"qbits": 0,
	"qibits": 0,
	"pool": 2,
	"l1reg": 0,
	"detmat": 1,
	"npars": 403,
	"mod_mae_x": 1.0492603533108151,
	"mod_mae_a": 0.0028317634139827775,
	"mod_mse_x": 2.3596414635768825,
	"mod_mse_a": 2.9557315047676537e-05,
	"mod_auc": 0.9936882145279999,
	"mod_dx_median": -0.8268026125130135,
	"mod_da_median": -9.399562553441196e-05,
	"mod_dx_mean": -0.7555735610865143,
	"mod_da_mean": -0.0001844341619447087,
	"mod_dx_std": 1.3374416089549201,
	"mod_da_std": 0.005433534677130928,
	"mod_dx_iqr": 0.7695327984990425,
	"mod_da_iqr": 0.005101214138813421,
	"skew_dx": 0.1166289162578922,
	"skew_da": -0.23196564354234953,
	"dx_mmm": 0.053257690615860005,
	"da_mmm": -0.016644512602623354,
	"dx_mode": -0.85,
	"da_mode": -0.00020000000000000052
}