{
	"name": "sep5_models/MyTCN_CL5.3.1.0..5.3.3.0_DLnone_CBNormFalse_DBNormFalse_IBNormFalse_ll1_ptype0_penXTrue_penATrue_bkgPenFalse_regBiasTrue_Flatten_DetMat_HAND0_3",
	"clayers": "CL5.3.1.0..5.3.3.0",
	"dlayers": "DLnone",
	"CBNorm": false,
	"DBNorm": false,
	"IBNorm": false,
	"LL": "ll1",
	"ptype": "ptype0",
	"penX": true,
	"penA": true,
	"bkgPen": false,
	"regBias": true,
	"qkeras": false,
	"qbits": 0,
	"qibits": 0,
	"pool": 2,
	"l1reg": 0,
	"detmat": 1,
	"npars": 203,
	"mod_mae_x": 1.5031671528259805,
	"mod_mae_a": 0.005919363580972329,
	"mod_mse_x": 3.850934833500967,
	"mod_mse_a": 9.777979493062327e-05,
	"mod_auc": 0.92676731168,
	"mod_dx_median": -1.2970538142951984,
	"mod_da_median": 0.001471519677110008,
	"mod_dx_mean": -1.3218374244209483,
	"mod_da_mean": 0.001718829687399592,
	"mod_dx_std": 1.4504070659305133,
	"mod_da_std": 0.009737834432579818,
	"mod_dx_iqr": 1.2471004349700703,
	"mod_da_iqr": 0.011161263587006783,
	"skew_dx": -0.6222848558184082,
	"skew_da": -0.4042569865505276,
	"dx_mmm": -0.017087347895571592,
	"da_mmm": 0.02539681815313683,
	"dx_mode": -0.87,
	"da_mode": 0.0010000000000000009
}