{
	"name": "sep5_models/MyTCN_CL5.3.1.0..5.3.3.0_DLnone_CBNormFalse_DBNormFalse_IBNormFalse_ll1_ptype0_penXTrue_penATrue_bkgPenFalse_regBiasTrue_Flatten_DetMat_HAND1_6",
	"clayers": "CL5.3.1.0..5.3.3.0",
	"dlayers": "DLnone",
	"CBNorm": false,
	"DBNorm": false,
	"IBNorm": false,
	"LL": "ll1",
	"ptype": "ptype0",
	"penX": true,
	"penA": true,
	"bkgPen": false,
	"regBias": true,
	"qkeras": false,
	"qbits": 0,
	"qibits": 0,
	"pool": 2,
	"l1reg": 0,
	"detmat": 1,
	"npars": 203,
	"mod_mae_x": 0.6660426295162049,
	"mod_mae_a": 0.0036993905551683578,
	"mod_mse_x": 1.991302362106102,
	"mod_mse_a": 5.60938841432471e-05,
	"mod_auc": 0.9254703343599999,
	"mod_dx_median": 0.28788723040112263,
	"mod_da_median": -0.0013453856957779328,
	"mod_dx_mean": 0.2578982704673181,
	"mod_da_mean": -0.0014186756139157723,
	"mod_dx_std": 1.3873683159839238,
	"mod_da_std": 0.007353995080616236,
	"mod_dx_iqr": 0.6695610922706755,
	"mod_da_iqr": 0.004937257504159588,
	"skew_dx": -0.3532867786516305,
	"skew_da": -0.6738157830420953,
	"dx_mmm": -0.02161571630856821,
	"da_mmm": -0.009966000430299177,
	"dx_mode": 0.31000000000000005,
	"da_mode": -0.0014000000000000002
}