{
	"name": "sep5_models/MyTCN_CL5.3.1.0..5.3.3.0_DLnone_CBNormFalse_DBNormFalse_IBNormFalse_ll1_ptype0_penXTrue_penATrue_bkgPenFalse_regBiasTrue_Flatten_DetMat_HAND0_7",
	"clayers": "CL5.3.1.0..5.3.3.0",
	"dlayers": "DLnone",
	"CBNorm": false,
	"DBNorm": false,
	"IBNorm": false,
	"LL": "ll1",
	"ptype": "ptype0",
	"penX": true,
	"penA": true,
	"bkgPen": false,
	"regBias": true,
	"qkeras": false,
	"qbits": 0,
	"qibits": 0,
	"pool": 2,
	"l1reg": 0,
	"detmat": 1,
	"npars": 203,
	"mod_mae_x": 0.6032714056771354,
	"mod_mae_a": 0.003532432336583846,
	"mod_mse_x": 1.9380298087652241,
	"mod_mse_a": 5.461772773563386e-05,
	"mod_auc": 0.9275224386159999,
	"mod_dx_median": 0.1715689722803191,
	"mod_da_median": -8.41078946110449e-05,
	"mod_dx_mean": 0.14300424822587268,
	"mod_da_mean": -0.00014160816993691924,
	"mod_dx_std": 1.3847669817534562,
	"mod_da_std": 0.007389023945139235,
	"mod_dx_iqr": 0.6795284784506959,
	"mod_da_iqr": 0.005549670893126055,
	"skew_dx": -0.28025311674184467,
	"skew_da": -0.6587610095583218,
	"dx_mmm": -0.020627820009310467,
	"da_mmm": -0.0077818499104607836,
	"dx_mode": 0.18999999999999995,
	"da_mode": -0.00020000000000000052
}