{
	"name": "sep5_models/MyTCN_CL4.3.1.0..4.3.3.0_DLnone_CBNormTrue_DBNormFalse_IBNormFalse_ll1_ptype0_penXTrue_penATrue_bkgPenFalse_regBiasTrue_Flatten_DetMat",
	"clayers": "CL4.3.1.0..4.3.3.0",
	"dlayers": "DLnone",
	"CBNorm": true,
	"DBNorm": false,
	"IBNorm": false,
	"LL": "ll1",
	"ptype": "ptype0",
	"penX": true,
	"penA": true,
	"bkgPen": false,
	"regBias": true,
	"qkeras": false,
	"qbits": 0,
	"qibits": 0,
	"pool": 2,
	"l1reg": 0,
	"detmat": 1,
	"npars": 179,
	"mod_mae_x": 0.6880159919164801,
	"mod_mae_a": 0.004789476530071341,
	"mod_mse_x": 2.459196397702287,
	"mod_mse_a": 7.082956137869406e-05,
	"mod_auc": 0.9562362886639999,
	"mod_dx_median": 0.01107344206495764,
	"mod_da_median": 0.00029373291732541496,
	"mod_dx_mean": 0.18693758385970508,
	"mod_da_mean": -3.373445102231809e-05,
	"mod_dx_std": 1.5570005579456234,
	"mod_da_std": 0.008415962414691993,
	"mod_dx_iqr": 1.097578209239627,
	"mod_da_iqr": 0.009063515162048529,
	"skew_dx": 3.680592147106436,
	"skew_da": -0.8293953696226716,
	"dx_mmm": 0.11295059651538629,
	"da_mmm": -0.03891026981965409,
	"dx_mode": -0.04999999999999999,
	"da_mode": 0.0010000000000000009
}