{
	"name": "sep5_models/MyTCN_CL5.3.1.0..5.3.1.0_DLnone_CBNormTrue_DBNormFalse_IBNormFalse_ll1_ptype0_penXTrue_penATrue_bkgPenFalse_regBiasTrue_Flatten_DetMat_0.3",
	"clayers": "CL5.3.1.0..5.3.1.0",
	"dlayers": "DLnone",
	"CBNorm": true,
	"DBNorm": false,
	"IBNorm": false,
	"LL": "ll1",
	"ptype": "ptype0",
	"penX": true,
	"penA": true,
	"bkgPen": false,
	"regBias": true,
	"qkeras": false,
	"qbits": 0,
	"qibits": 0,
	"pool": 2,
	"l1reg": 0,
	"detmat": 1,
	"npars": 403,
	"mod_mae_x": 0.9611164985965421,
	"mod_mae_a": 0.0028839571785396435,
	"mod_mse_x": 2.2296648091921707,
	"mod_mse_a": 2.978982925155895e-05,
	"mod_auc": 0.9937382091439999,
	"mod_dx_median": -0.7130557519628642,
	"mod_da_median": -0.00019900728825399117,
	"mod_dx_mean": -0.6542632083546513,
	"mod_da_mean": -0.00028961648452643083,
	"mod_dx_std": 1.3422386015107928,
	"mod_da_std": 0.005450316646163734,
	"mod_dx_iqr": 0.7766901272725831,
	"mod_da_iqr": 0.0052342449112259114,
	"skew_dx": -0.21082081698751087,
	"skew_da": -0.3333561821287105,
	"dx_mmm": 0.04380185724210086,
	"da_mmm": -0.016624574709107214,
	"dx_mode": -0.75,
	"da_mode": -0.00020000000000000052
}