{
	"name": "sep5_models/MyTCN_CL5.4.1.0..5.4.1.0_DLnone_CBNormTrue_DBNormFalse_IBNormFalse_ll1_ptype0_penXTrue_penATrue_bkgPenFalse_regBiasTrue_Flatten_DetMat",
	"clayers": "CL5.4.1.0..5.4.1.0",
	"dlayers": "DLnone",
	"CBNorm": true,
	"DBNorm": false,
	"IBNorm": false,
	"LL": "ll1",
	"ptype": "ptype0",
	"penX": true,
	"penA": true,
	"bkgPen": false,
	"regBias": true,
	"qkeras": false,
	"qbits": 0,
	"qibits": 0,
	"pool": 2,
	"l1reg": 0,
	"detmat": 1,
	"npars": 423,
	"mod_mae_x": 0.7132654094438943,
	"mod_mae_a": 0.005137432185747074,
	"mod_mse_x": 2.62577500686211,
	"mod_mse_a": 6.158229892164153e-05,
	"mod_auc": 0.986920883064,
	"mod_dx_median": 0.0491431704750358,
	"mod_da_median": -0.00017890294026913847,
	"mod_dx_mean": 0.26746299437335835,
	"mod_da_mean": -0.00040736228683901346,
	"mod_dx_std": 1.5981985338195464,
	"mod_da_std": 0.007836858738608399,
	"mod_dx_iqr": 1.0650453872624819,
	"mod_da_iqr": 0.010480456633151034,
	"skew_dx": 4.337230557646062,
	"skew_da": -0.5137099315870264,
	"dx_mmm": 0.13660369427104804,
	"da_mmm": -0.029151903101732164,
	"dx_mode": 0.050000000000000044,
	"da_mode": 0.00020000000000000052
}