{
	"name": "sep5_models/MyTCN_CL5.3.1.0..5.3.3.0_DLnone_CBNormFalse_DBNormFalse_IBNormFalse_ll1_ptype0_penXTrue_penATrue_bkgPenFalse_regBiasTrue_Flatten_DetMat",
	"clayers": "CL5.3.1.0..5.3.3.0",
	"dlayers": "DLnone",
	"CBNorm": false,
	"DBNorm": false,
	"IBNorm": false,
	"LL": "ll1",
	"ptype": "ptype0",
	"penX": true,
	"penA": true,
	"bkgPen": false,
	"regBias": true,
	"qkeras": false,
	"qbits": 0,
	"qibits": 0,
	"pool": 2,
	"l1reg": 0,
	"detmat": 1,
	"npars": 203,
	"mod_mae_x": 0.5547591475569622,
	"mod_mae_a": 0.003564529741007381,
	"mod_mse_x": 1.8996173039575477,
	"mod_mse_a": 5.4828040531059294e-05,
	"mod_auc": 0.927513661232,
	"mod_dx_median": 0.004548728441101879,
	"mod_da_median": 0.0001595755790420178,
	"mod_dx_mean": -0.025337955777592177,
	"mod_da_mean": 0.00011574046318649678,
	"mod_dx_std": 1.3780331244039674,
	"mod_da_std": 0.007403691287205368,
	"mod_dx_iqr": 0.663549545331589,
	"mod_da_iqr": 0.0056565461036571655,
	"skew_dx": -0.2956304522279682,
	"skew_da": -0.6478102119000968,
	"dx_mmm": -0.021687928751074666,
	"da_mmm": -0.0059207109204126775,
	"dx_mode": 0.010000000000000009,
	"da_mode": 0.00020000000000000052
}