{
	"name": "sep5_models/MyTCN_CL5.3.1.0..5.3.3.0_DLnone_CBNormFalse_DBNormFalse_IBNormFalse_ll1_ptype0_penXTrue_penATrue_bkgPenFalse_regBiasTrue_Flatten_DetMat_HAND0_4",
	"clayers": "CL5.3.1.0..5.3.3.0",
	"dlayers": "DLnone",
	"CBNorm": false,
	"DBNorm": false,
	"IBNorm": false,
	"LL": "ll1",
	"ptype": "ptype0",
	"penX": true,
	"penA": true,
	"bkgPen": false,
	"regBias": true,
	"qkeras": false,
	"qbits": 0,
	"qibits": 0,
	"pool": 2,
	"l1reg": 0,
	"detmat": 1,
	"npars": 203,
	"mod_mae_x": 1.5716606234054848,
	"mod_mae_a": 0.00491168233476396,
	"mod_mse_x": 3.939463962544908,
	"mod_mse_a": 7.338841168255756e-05,
	"mod_auc": 0.9274681316479999,
	"mod_dx_median": -1.3903151798985771,
	"mod_da_median": -0.0023609487948400253,
	"mod_dx_mean": -1.3935804760023993,
	"mod_da_mean": -0.0030863231894729735,
	"mod_dx_std": 1.4132931116544198,
	"mod_da_std": 0.007991434217503073,
	"mod_dx_iqr": 1.0858276622556142,
	"mod_da_iqr": 0.007215403113071192,
	"skew_dx": -0.31046016477089283,
	"skew_da": -1.463793949169366,
	"dx_mmm": -0.002310416768394068,
	"da_mmm": -0.09076898775494041,
	"dx_mode": -0.99,
	"da_mode": -0.002199999999999999
}