{
	"name": "sep5_models/MyTCN_CL5.4.1.0..5.4.1.0_DLnone_CBNormTrue_DBNormFalse_IBNormTrue_ll1_ptype0_penXTrue_penATrue_bkgPenFalse_regBiasTrue_Flatten_DetMat",
	"clayers": "CL5.4.1.0..5.4.1.0",
	"dlayers": "DLnone",
	"CBNorm": true,
	"DBNorm": false,
	"IBNorm": true,
	"LL": "ll1",
	"ptype": "ptype0",
	"penX": true,
	"penA": true,
	"bkgPen": false,
	"regBias": true,
	"qkeras": false,
	"qbits": 0,
	"qibits": 0,
	"pool": 2,
	"l1reg": 0,
	"detmat": 1,
	"npars": 423,
	"mod_mae_x": 0.7287779089598615,
	"mod_mae_a": 0.004831157788155794,
	"mod_mse_x": 2.01499273544608,
	"mod_mse_a": 5.633847977866095e-05,
	"mod_auc": 0.986621548824,
	"mod_dx_median": -0.1804690040474881,
	"mod_da_median": 8.065470818639439e-05,
	"mod_dx_mean": -0.22759324839950743,
	"mod_da_mean": -0.00018956202046056743,
	"mod_dx_std": 1.4011402673283786,
	"mod_da_std": 0.007503502250220216,
	"mod_dx_iqr": 1.1564864551211032,
	"mod_da_iqr": 0.010206919494011861,
	"skew_dx": -0.09771740279561904,
	"skew_da": -1.545819712807262,
	"dx_mmm": -0.03363278142157271,
	"da_mmm": -0.0360120807105817,
	"dx_mode": -0.22999999999999998,
	"da_mode": -0.00020000000000000052
}