{
	"name": "sep5_models/MyTCN_CL5.3.1.0..5.3.1.0_DLnone_CBNormFalse_DBNormFalse_IBNormFalse_ll1_ptype0_penXTrue_penATrue_bkgPenFalse_regBiasTrue_Flatten_DetMat_0.2",
	"clayers": "CL5.3.1.0..5.3.1.0",
	"dlayers": "DLnone",
	"CBNorm": false,
	"DBNorm": false,
	"IBNorm": false,
	"LL": "ll1",
	"ptype": "ptype0",
	"penX": true,
	"penA": true,
	"bkgPen": false,
	"regBias": true,
	"qkeras": false,
	"qbits": 0,
	"qibits": 0,
	"pool": 2,
	"l1reg": 0,
	"detmat": 1,
	"npars": 383,
	"mod_mae_x": 0.5757700670391993,
	"mod_mae_a": 0.0027674902594595633,
	"mod_mse_x": 1.7394741691056568,
	"mod_mse_a": 2.7401533600941733e-05,
	"mod_auc": 0.9580079798960001,
	"mod_dx_median": 0.11533399300168057,
	"mod_da_median": -7.430648378138442e-05,
	"mod_dx_mean": 0.12935005771252445,
	"mod_da_mean": -0.00025386490715209635,
	"mod_dx_std": 1.3125329449866863,
	"mod_da_std": 0.005228487946802439,
	"mod_dx_iqr": 0.7902037459783972,
	"mod_da_iqr": 0.004992300979441339,
	"skew_dx": 0.5214039407308467,
	"skew_da": -0.9835701564919195,
	"dx_mmm": 0.010678638402471529,
	"da_mmm": -0.03434232328689284,
	"dx_mode": 0.09000000000000008,
	"da_mode": 0.00020000000000000052
}