{
	"name": "sep5_models/MyTCN_CL5.3.1.0..5.3.1.0_DLnone_CBNormFalse_DBNormFalse_IBNormFalse_ll1_ptype0_penXTrue_penATrue_bkgPenFalse_regBiasTrue_Flatten_DetMat",
	"clayers": "CL5.3.1.0..5.3.1.0",
	"dlayers": "DLnone",
	"CBNorm": false,
	"DBNorm": false,
	"IBNorm": false,
	"LL": "ll1",
	"ptype": "ptype0",
	"penX": true,
	"penA": true,
	"bkgPen": false,
	"regBias": true,
	"qkeras": false,
	"qbits": 0,
	"qibits": 0,
	"pool": 2,
	"l1reg": 0,
	"detmat": 1,
	"npars": 383,
	"mod_mae_x": 0.6043275783583889,
	"mod_mae_a": 0.0031098970812597194,
	"mod_mse_x": 1.8213250446828935,
	"mod_mse_a": 2.951291611630361e-05,
	"mod_auc": 0.958068660664,
	"mod_dx_median": 0.04784478480169163,
	"mod_da_median": -0.00038657115296463623,
	"mod_dx_mean": 0.09129160742535018,
	"mod_da_mean": -0.0005195906850853554,
	"mod_dx_std": 1.3464735003321042,
	"mod_da_std": 0.0054076743278674,
	"mod_dx_iqr": 0.9176374228888045,
	"mod_da_iqr": 0.005915963025394643,
	"skew_dx": 0.931354306827698,
	"skew_da": -0.7107456173666354,
	"dx_mmm": 0.03226712045424028,
	"da_mmm": -0.024598288294697932,
	"dx_mode": 0.010000000000000009,
	"da_mode": -0.00020000000000000052
}