{
	"name": "sep5_models/MyTCN_CL7.3.1.0..5.3.1.0_DLnone_CBNormTrue_DBNormFalse_IBNormTrue_ll1_ptype0_penXTrue_penATrue_bkgPenFalse_regBiasTrue_Flatten_DetMat",
	"clayers": "CL7.3.1.0..5.3.1.0",
	"dlayers": "DLnone",
	"CBNorm": true,
	"DBNorm": false,
	"IBNorm": true,
	"LL": "ll1",
	"ptype": "ptype0",
	"penX": true,
	"penA": true,
	"bkgPen": false,
	"regBias": true,
	"qkeras": false,
	"qbits": 0,
	"qibits": 0,
	"pool": 2,
	"l1reg": 0,
	"detmat": 1,
	"npars": 403,
	"mod_mae_x": 0.7872170697054488,
	"mod_mae_a": 0.0031347152430528376,
	"mod_mse_x": 2.9676241109729724,
	"mod_mse_a": 3.280161750371022e-05,
	"mod_auc": 0.992844514776,
	"mod_dx_median": -0.02546251890009721,
	"mod_da_median": -0.0004495568417437132,
	"mod_dx_mean": 0.22586659425577463,
	"mod_da_mean": -0.00045044105046196506,
	"mod_dx_std": 1.7078080666668225,
	"mod_da_std": 0.005709528909093021,
	"mod_dx_iqr": 1.0605589922351917,
	"mod_da_iqr": 0.005750887240415598,
	"skew_dx": 2.666990075214545,
	"skew_da": 0.5838624052070909,
	"dx_mmm": 0.14716473007789335,
	"da_mmm": -0.0001548654420233647,
	"dx_mode": -0.04999999999999999,
	"da_mode": -0.0005999999999999998
}