{
	"name": "sep5_models/MyTCN_CL5.3.1.0..5.3.1.0_DLnone_CBNormTrue_DBNormFalse_IBNormFalse_ll1_ptype0_penXTrue_penATrue_bkgPenFalse_regBiasTrue_Flatten_DetMat_HAND0_6",
	"clayers": "CL5.3.1.0..5.3.1.0",
	"dlayers": "DLnone",
	"CBNorm": true,
	"DBNorm": false,
	"IBNorm": false,
	"LL": "ll1",
	"ptype": "ptype0",
	"penX": true,
	"penA": true,
	"bkgPen": false,
	"regBias": true,
	"qkeras": false,
	"qbits": 0,
	"qibits": 0,
	"pool": 2,
	"l1reg": 0,
	"detmat": 1,
	"npars": 403,
	"mod_mae_x": 0.8615563710212907,
	"mod_mae_a": 0.017657562613774675,
	"mod_mse_x": 1.934375664414065,
	"mod_mse_a": 0.0003365172931767124,
	"mod_auc": 0.9911762345199999,
	"mod_dx_median": 0.3820631398849006,
	"mod_da_median": 0.017546434862474754,
	"mod_dx_mean": 0.3366254991762614,
	"mod_da_mean": 0.017358555134799496,
	"mod_dx_std": 1.34946616768202,
	"mod_da_std": 0.005932778169528866,
	"mod_dx_iqr": 1.6376830062636398,
	"mod_da_iqr": 0.00617552523459209,
	"skew_dx": -1.1347433227618846,
	"skew_da": -1.5469080722995512,
	"dx_mmm": -0.03367082613615094,
	"da_mmm": -0.03166808572756373,
	"dx_mode": 0.47,
	"da_mode": 0.017400000000000002
}