{
	"name": "sep5_models/MyTCN_CL5.3.1.0..6.3.1.0_DLnone_CBNormFalse_DBNormFalse_IBNormFalse_ll1_ptype0_penXTrue_penATrue_bkgPenFalse_regBiasTrue_Flatten_DetMat",
	"clayers": "CL5.3.1.0..6.3.1.0",
	"dlayers": "DLnone",
	"CBNorm": false,
	"DBNorm": false,
	"IBNorm": false,
	"LL": "ll1",
	"ptype": "ptype0",
	"penX": true,
	"penA": true,
	"bkgPen": false,
	"regBias": true,
	"qkeras": false,
	"qbits": 0,
	"qibits": 0,
	"pool": 2,
	"l1reg": 0,
	"detmat": 1,
	"npars": 459,
	"mod_mae_x": 0.5453886619046193,
	"mod_mae_a": 0.0026224187038428274,
	"mod_mse_x": 1.6531381150294582,
	"mod_mse_a": 2.7039830864941694e-05,
	"mod_auc": 0.958249616344,
	"mod_dx_median": 0.06647241714758767,
	"mod_da_median": 0.00011821221743307624,
	"mod_dx_mean": 0.1514594327873782,
	"mod_da_mean": 8.998571689747965e-05,
	"mod_dx_std": 1.2767921347068143,
	"mod_da_std": 0.005199205077287887,
	"mod_dx_iqr": 0.8243142794218985,
	"mod_da_iqr": 0.004448129076871853,
	"skew_dx": 2.550173339768609,
	"skew_da": -0.15346078291375465,
	"dx_mmm": 0.06656292228750753,
	"da_mmm": -0.005429003110283284,
	"dx_mode": 0.050000000000000044,
	"da_mode": 0.00020000000000000052
}