{
	"name": "sep5_models/MyTCN_CL5.3.1.0..5.3.3.0_DLnone_CBNormFalse_DBNormFalse_IBNormFalse_ll1_ptype0_penXTrue_penATrue_bkgPenFalse_regBiasTrue_Flatten_DetMat_0.1",
	"clayers": "CL5.3.1.0..5.3.3.0",
	"dlayers": "DLnone",
	"CBNorm": false,
	"DBNorm": false,
	"IBNorm": false,
	"LL": "ll1",
	"ptype": "ptype0",
	"penX": true,
	"penA": true,
	"bkgPen": false,
	"regBias": true,
	"qkeras": false,
	"qbits": 0,
	"qibits": 0,
	"pool": 2,
	"l1reg": 0,
	"detmat": 1,
	"npars": 203,
	"mod_mae_x": 0.5464234091092977,
	"mod_mae_a": 0.0034807297467938257,
	"mod_mse_x": 1.8906936269827146,
	"mod_mse_a": 5.4502643000855266e-05,
	"mod_auc": 0.926779103136,
	"mod_dx_median": 0.04053621626953152,
	"mod_da_median": 0.0001794283930039789,
	"mod_dx_mean": 0.004776772461627397,
	"mod_da_mean": 0.00012308652012880706,
	"mod_dx_std": 1.3750166578727565,
	"mod_da_std": 0.007381564380903133,
	"mod_dx_iqr": 0.6166719526137736,
	"mod_da_iqr": 0.005359881353287146,
	"skew_dx": -0.37561025406001497,
	"skew_da": -0.6536510685620232,
	"dx_mmm": -0.026006553159309647,
	"da_mmm": -0.007632782154001672,
	"dx_mode": 0.050000000000000044,
	"da_mode": 0.00020000000000000052
}