{
	"name": "sep5_models/MyTCN_CL5.3.1.0..5.3.1.0_DLnone_CBNormTrue_DBNormFalse_IBNormFalse_ll1_ptype0_penXTrue_penATrue_bkgPenFalse_regBiasTrue_Flatten_DetMat_HAND0_4",
	"clayers": "CL5.3.1.0..5.3.1.0",
	"dlayers": "DLnone",
	"CBNorm": true,
	"DBNorm": false,
	"IBNorm": false,
	"LL": "ll1",
	"ptype": "ptype0",
	"penX": true,
	"penA": true,
	"bkgPen": false,
	"regBias": true,
	"qkeras": false,
	"qbits": 0,
	"qibits": 0,
	"pool": 2,
	"l1reg": 0,
	"detmat": 1,
	"npars": 403,
	"mod_mae_x": 1.3917220477314232,
	"mod_mae_a": 0.00987266194581223,
	"mod_mse_x": 3.5508694098857423,
	"mod_mse_a": 0.00016874341823941446,
	"mod_auc": 0.9858523238,
	"mod_dx_median": -0.6762712247796134,
	"mod_da_median": 0.0002298120452593165,
	"mod_dx_mean": -0.708248473445563,
	"mod_da_mean": 0.0003489529446977141,
	"mod_dx_std": 1.7462111870411812,
	"mod_da_std": 0.012985439926386833,
	"mod_dx_iqr": 3.0436052884648452,
	"mod_da_iqr": 0.023812094836469785,
	"skew_dx": -0.6842673524334993,
	"skew_da": 0.15423112115108198,
	"dx_mmm": -0.018312360442571948,
	"da_mmm": 0.0091749605799877,
	"dx_mode": -0.75,
	"da_mode": -0.0005999999999999998
}