{
	"name": "sep5_models/MyTCN_CL5.3.1.0..5.3.3.0_DLnone_CBNormFalse_DBNormFalse_IBNormFalse_ll1_ptype0_penXTrue_penATrue_bkgPenFalse_regBiasTrue_Flatten_DetMat_HAND1_2",
	"clayers": "CL5.3.1.0..5.3.3.0",
	"dlayers": "DLnone",
	"CBNorm": false,
	"DBNorm": false,
	"IBNorm": false,
	"LL": "ll1",
	"ptype": "ptype0",
	"penX": true,
	"penA": true,
	"bkgPen": false,
	"regBias": true,
	"qkeras": false,
	"qbits": 0,
	"qibits": 0,
	"pool": 2,
	"l1reg": 0,
	"detmat": 1,
	"npars": 203,
	"mod_mae_x": 2.06536758613272,
	"mod_mae_a": 0.030356841991020143,
	"mod_mse_x": 7.589556021193655,
	"mod_mse_a": 0.0013694920080795823,
	"mod_auc": 0.5,
	"mod_dx_median": -1.6894128390433671,
	"mod_da_median": -0.026348949874655372,
	"mod_dx_mean": -1.8521779850524998,
	"mod_da_mean": -0.02621558277655431,
	"mod_dx_std": 2.0393608638199656,
	"mod_da_std": 0.026119632994458616,
	"mod_dx_iqr": 2.401058018148127,
	"mod_da_iqr": 0.053906945344476334,
	"skew_dx": -1.0216455563358056,
	"skew_da": -0.11002236973608324,
	"dx_mmm": -0.07981184149246354,
	"da_mmm": 0.005106009649115483,
	"dx_mode": -0.99,
	"da_mode": -0.019799999999999998
}