{
	"name": "sep5_models/MyTCN_CL5.3.1.0..5.3.1.0_DLnone_CBNormTrue_DBNormFalse_IBNormFalse_ll1_ptype0_penXTrue_penATrue_bkgPenFalse_regBiasTrue_Flatten_DetMat_HAND0_10",
	"clayers": "CL5.3.1.0..5.3.1.0",
	"dlayers": "DLnone",
	"CBNorm": true,
	"DBNorm": false,
	"IBNorm": false,
	"LL": "ll1",
	"ptype": "ptype0",
	"penX": true,
	"penA": true,
	"bkgPen": false,
	"regBias": true,
	"qkeras": false,
	"qbits": 0,
	"qibits": 0,
	"pool": 2,
	"l1reg": 0,
	"detmat": 1,
	"npars": 403,
	"mod_mae_x": 0.5841932292773627,
	"mod_mae_a": 0.0029565749638718716,
	"mod_mse_x": 1.686671876538168,
	"mod_mse_a": 3.036259130725817e-05,
	"mod_auc": 0.993896765256,
	"mod_dx_median": -0.000378272835998672,
	"mod_da_median": -0.00012990930060366793,
	"mod_dx_mean": 0.03572840575329481,
	"mod_da_mean": -0.00025573292734648015,
	"mod_dx_std": 1.298227775685182,
	"mod_da_std": 0.005504288507802708,
	"mod_dx_iqr": 0.9064290289366342,
	"mod_da_iqr": 0.005449134186738291,
	"skew_dx": 0.562161723814039,
	"skew_da": -0.349489457622932,
	"dx_mmm": 0.02781228322605947,
	"da_mmm": -0.022859199070769737,
	"dx_mode": -0.010000000000000009,
	"da_mode": -0.00020000000000000052
}