{
	"name": "sep5_models/MyTCN_CL5.3.1.0..5.3.3.0_DLnone_CBNormFalse_DBNormFalse_IBNormFalse_ll1_ptype0_penXTrue_penATrue_bkgPenFalse_regBiasTrue_Flatten_DetMat_HAND1_1",
	"clayers": "CL5.3.1.0..5.3.3.0",
	"dlayers": "DLnone",
	"CBNorm": false,
	"DBNorm": false,
	"IBNorm": false,
	"LL": "ll1",
	"ptype": "ptype0",
	"penX": true,
	"penA": true,
	"bkgPen": false,
	"regBias": true,
	"qkeras": false,
	"qbits": 0,
	"qibits": 0,
	"pool": 2,
	"l1reg": 0,
	"detmat": 1,
	"npars": 203,
	"mod_mae_x": 9.552939508377662,
	"mod_mae_a": 0.03955577046179057,
	"mod_mse_x": 126.68528821357962,
	"mod_mse_a": 0.0025597309814320234,
	"mod_auc": 0.5,
	"mod_dx_median": -6.858761253079731,
	"mod_da_median": -0.016540312620159314,
	"mod_dx_mean": -9.451554036569156,
	"mod_da_mean": -0.01853368762143822,
	"mod_dx_std": 6.111743982481018,
	"mod_da_std": 0.0470768882211109,
	"mod_dx_iqr": 10.919597449175614,
	"mod_da_iqr": 0.09225303716877825,
	"skew_dx": -1.168568911671154,
	"skew_da": -0.5202641562909726,
	"dx_mmm": -0.4242312490381674,
	"da_mmm": -0.04234296438448555,
	"dx_mode": 0.25,
	"da_mode": -0.0194
}