{
	"name": "sep5_models/MyTCN_CL5.3.1.0..5.3.3.0_DLnone_CBNormFalse_DBNormFalse_IBNormFalse_ll1_ptype0_penXTrue_penATrue_bkgPenFalse_regBiasTrue_Flatten_DetMat_HAND1_10",
	"clayers": "CL5.3.1.0..5.3.3.0",
	"dlayers": "DLnone",
	"CBNorm": false,
	"DBNorm": false,
	"IBNorm": false,
	"LL": "ll1",
	"ptype": "ptype0",
	"penX": true,
	"penA": true,
	"bkgPen": false,
	"regBias": true,
	"qkeras": false,
	"qbits": 0,
	"qibits": 0,
	"pool": 2,
	"l1reg": 0,
	"detmat": 1,
	"npars": 203,
	"mod_mae_x": 0.5504391418999934,
	"mod_mae_a": 0.0033687647351816423,
	"mod_mse_x": 1.9024949391711878,
	"mod_mse_a": 5.420662441146906e-05,
	"mod_auc": 0.9254567508639999,
	"mod_dx_median": 0.026461601836848203,
	"mod_da_median": -7.903366470234097e-05,
	"mod_dx_mean": -0.005058341976321049,
	"mod_da_mean": -0.00015697151479155612,
	"mod_dx_std": 1.3793003126033283,
	"mod_da_std": 0.007360841280384539,
	"mod_dx_iqr": 0.6336030526537212,
	"mod_da_iqr": 0.005014045927490293,
	"skew_dx": -0.3562316422042833,
	"skew_da": -0.6708811385570914,
	"dx_mmm": -0.02285212547634218,
	"da_mmm": -0.01058817153100516,
	"dx_mode": 0.050000000000000044,
	"da_mode": -0.00020000000000000052
}