{
	"name": "sep5_models/MyTCN_CL5.3.1.0..5.3.1.0_DLnone_CBNormFalse_DBNormFalse_IBNormFalse_ll1_ptype0_penXTrue_penATrue_bkgPenFalse_regBiasTrue_Flatten_DetMat_0.5",
	"clayers": "CL5.3.1.0..5.3.1.0",
	"dlayers": "DLnone",
	"CBNorm": false,
	"DBNorm": false,
	"IBNorm": false,
	"LL": "ll1",
	"ptype": "ptype0",
	"penX": true,
	"penA": true,
	"bkgPen": false,
	"regBias": true,
	"qkeras": false,
	"qbits": 0,
	"qibits": 0,
	"pool": 2,
	"l1reg": 0,
	"detmat": 1,
	"npars": 383,
	"mod_mae_x": 0.5572958324985081,
	"mod_mae_a": 0.0027619582216285334,
	"mod_mse_x": 1.7143195402610494,
	"mod_mse_a": 2.746219957970368e-05,
	"mod_auc": 0.957699664112,
	"mod_dx_median": 0.011097446858491011,
	"mod_da_median": -0.00039282960109726303,
	"mod_dx_mean": 0.034968393292802116,
	"mod_da_mean": -0.0005924610092055361,
	"mod_dx_std": 1.308853220086794,
	"mod_da_std": 0.005206840647866501,
	"mod_dx_iqr": 0.7890550121797033,
	"mod_da_iqr": 0.004859988074462272,
	"skew_dx": 0.6280718167708785,
	"skew_da": -0.9908433596785982,
	"dx_mmm": 0.01823806219671305,
	"da_mmm": -0.03834021849508146,
	"dx_mode": -0.010000000000000009,
	"da_mode": -0.00020000000000000052
}