{
	"name": "sep5_models/MyTCN_CL5.3.1.0..5.3.3.0_DLnone_CBNormFalse_DBNormFalse_IBNormFalse_ll1_ptype0_penXTrue_penATrue_bkgPenFalse_regBiasTrue_Flatten_DetMat_0.2",
	"clayers": "CL5.3.1.0..5.3.3.0",
	"dlayers": "DLnone",
	"CBNorm": false,
	"DBNorm": false,
	"IBNorm": false,
	"LL": "ll1",
	"ptype": "ptype0",
	"penX": true,
	"penA": true,
	"bkgPen": false,
	"regBias": true,
	"qkeras": false,
	"qbits": 0,
	"qibits": 0,
	"pool": 2,
	"l1reg": 0,
	"detmat": 1,
	"npars": 203,
	"mod_mae_x": 0.5457640741416007,
	"mod_mae_a": 0.0034660907164912017,
	"mod_mse_x": 1.9003830744021146,
	"mod_mse_a": 5.4534675506166726e-05,
	"mod_auc": 0.926434407008,
	"mod_dx_median": -0.004755225951318387,
	"mod_da_median": -0.0001472388428985713,
	"mod_dx_mean": -0.03732270261537966,
	"mod_da_mean": -0.00022289054977374828,
	"mod_dx_std": 1.3780384937553807,
	"mod_da_std": 0.007381395214252403,
	"mod_dx_iqr": 0.6157391059277084,
	"mod_da_iqr": 0.005322182563753118,
	"skew_dx": -0.36173720939962184,
	"skew_da": -0.6621263070285188,
	"dx_mmm": -0.02363321257834356,
	"da_mmm": -0.010248971187602108,
	"dx_mode": 0.010000000000000009,
	"da_mode": -0.00020000000000000052
}