{
	"name": "sep5_models/MyTCN_CL5.3.1.0..5.3.1.0_DLnone_CBNormFalse_DBNormFalse_IBNormFalse_ll1_ptype0_penXTrue_penATrue_bkgPenFalse_regBiasTrue_Flatten_DetMat_HAND0_4",
	"clayers": "CL5.3.1.0..5.3.1.0",
	"dlayers": "DLnone",
	"CBNorm": false,
	"DBNorm": false,
	"IBNorm": false,
	"LL": "ll1",
	"ptype": "ptype0",
	"penX": true,
	"penA": true,
	"bkgPen": false,
	"regBias": true,
	"qkeras": false,
	"qbits": 0,
	"qibits": 0,
	"pool": 2,
	"l1reg": 0,
	"detmat": 1,
	"npars": 383,
	"mod_mae_x": 1.3262614696804622,
	"mod_mae_a": 0.010977877874595813,
	"mod_mse_x": 3.97169113282347,
	"mod_mse_a": 0.00018552039903721465,
	"mod_auc": 0.95773505948,
	"mod_dx_median": -0.21496395969221282,
	"mod_da_median": -0.00931014128124924,
	"mod_dx_mean": -0.016023617537230438,
	"mod_da_mean": -0.009589328296619043,
	"mod_dx_std": 1.992845798476262,
	"mod_da_std": 0.0096729096892753,
	"mod_dx_iqr": 2.8844432018360684,
	"mod_da_iqr": 0.017965428261187605,
	"skew_dx": 1.4897863349507736,
	"skew_da": -0.22230168902981245,
	"dx_mmm": 0.0998272632569429,
	"da_mmm": -0.02886277493930781,
	"dx_mode": -0.73,
	"da_mode": -0.0086
}