{
	"name": "sep5_models/MyTCN_CL7.3.1.0..5.3.1.0_DLnone_CBNormTrue_DBNormFalse_IBNormFalse_ll1_ptype0_penXTrue_penATrue_bkgPenFalse_regBiasTrue_Flatten_DetMat",
	"clayers": "CL7.3.1.0..5.3.1.0",
	"dlayers": "DLnone",
	"CBNorm": true,
	"DBNorm": false,
	"IBNorm": false,
	"LL": "ll1",
	"ptype": "ptype0",
	"penX": true,
	"penA": true,
	"bkgPen": false,
	"regBias": true,
	"qkeras": false,
	"qbits": 0,
	"qibits": 0,
	"pool": 2,
	"l1reg": 0,
	"detmat": 1,
	"npars": 403,
	"mod_mae_x": 0.53259201688119,
	"mod_mae_a": 0.0028056563151052207,
	"mod_mse_x": 1.659912779189024,
	"mod_mse_a": 2.783820446851674e-05,
	"mod_auc": 0.996263061616,
	"mod_dx_median": 0.05624366942065695,
	"mod_da_median": -0.0007138028334530699,
	"mod_dx_mean": 0.15480273296253091,
	"mod_da_mean": -0.0006461191092988974,
	"mod_dx_std": 1.2790421779817722,
	"mod_da_std": 0.005236481124296691,
	"mod_dx_iqr": 0.8136343796618315,
	"mod_da_iqr": 0.004748925772438846,
	"skew_dx": 4.07960904625491,
	"skew_da": 0.17227877832627245,
	"dx_mmm": 0.07705692997348407,
	"da_mmm": 0.012925421203206014,
	"dx_mode": 0.07000000000000006,
	"da_mode": -0.0005999999999999998
}