{
	"name": "sep5_models/MyTCN_CL5.3.1.0..5.3.3.0_DLnone_CBNormFalse_DBNormFalse_IBNormFalse_ll1_ptype0_penXTrue_penATrue_bkgPenFalse_regBiasTrue_Flatten_DetMat_0.3",
	"clayers": "CL5.3.1.0..5.3.3.0",
	"dlayers": "DLnone",
	"CBNorm": false,
	"DBNorm": false,
	"IBNorm": false,
	"LL": "ll1",
	"ptype": "ptype0",
	"penX": true,
	"penA": true,
	"bkgPen": false,
	"regBias": true,
	"qkeras": false,
	"qbits": 0,
	"qibits": 0,
	"pool": 2,
	"l1reg": 0,
	"detmat": 1,
	"npars": 203,
	"mod_mae_x": 0.5467318281301812,
	"mod_mae_a": 0.003456558799301057,
	"mod_mse_x": 1.903452478457136,
	"mod_mse_a": 5.4588000869456254e-05,
	"mod_auc": 0.926204478504,
	"mod_dx_median": -0.006697569430083483,
	"mod_da_median": -0.00031649777799556966,
	"mod_dx_mean": -0.037229812167215416,
	"mod_da_mean": -0.0004023677010101543,
	"mod_dx_std": 1.379154240664593,
	"mod_da_std": 0.007377404767439567,
	"mod_dx_iqr": 0.6170680224583761,
	"mod_da_iqr": 0.005248327838156111,
	"skew_dx": -0.3645979636016252,
	"skew_da": -0.6707106638622787,
	"dx_mmm": -0.02213838150721918,
	"da_mmm": -0.011639584070752705,
	"dx_mode": 0.010000000000000009,
	"da_mode": -0.00020000000000000052
}