{
	"name": "sep5_models/MyTCN_CL5.3.1.0..5.3.1.0_DLnone_CBNormFalse_DBNormFalse_IBNormFalse_ll1_ptype0_penXTrue_penATrue_bkgPenFalse_regBiasTrue_Flatten_DetMat_HAND0_2",
	"clayers": "CL5.3.1.0..5.3.1.0",
	"dlayers": "DLnone",
	"CBNorm": false,
	"DBNorm": false,
	"IBNorm": false,
	"LL": "ll1",
	"ptype": "ptype0",
	"penX": true,
	"penA": true,
	"bkgPen": false,
	"regBias": true,
	"qkeras": false,
	"qbits": 0,
	"qibits": 0,
	"pool": 2,
	"l1reg": 0,
	"detmat": 1,
	"npars": 383,
	"mod_mae_x": 6.087169883846589,
	"mod_mae_a": 0.02861858480771218,
	"mod_mse_x": 51.59288943915984,
	"mod_mse_a": 0.001202729169710112,
	"mod_auc": 0.5,
	"mod_dx_median": 1.529042908886609,
	"mod_da_median": -0.019391884107640762,
	"mod_dx_mean": 0.7618675730689947,
	"mod_da_mean": -0.018361314181029712,
	"mod_dx_std": 7.142299856507412,
	"mod_da_std": 0.029420933215240284,
	"mod_dx_iqr": 16.465564182377644,
	"mod_da_iqr": 0.0610400230540758,
	"skew_dx": -0.35262239698562686,
	"skew_da": 0.19984036788676082,
	"dx_mmm": -0.10741292738061596,
	"da_mmm": 0.035028458107413354,
	"dx_mode": -0.41000000000000003,
	"da_mode": -0.017
}