{
	"name": "sep5_models/MyTCN_CL5.3.1.0..5.3.3.0_DLnone_CBNormFalse_DBNormFalse_IBNormFalse_ll1_ptype0_penXTrue_penATrue_bkgPenFalse_regBiasTrue_Flatten_DetMat_HAND0_6",
	"clayers": "CL5.3.1.0..5.3.3.0",
	"dlayers": "DLnone",
	"CBNorm": false,
	"DBNorm": false,
	"IBNorm": false,
	"LL": "ll1",
	"ptype": "ptype0",
	"penX": true,
	"penA": true,
	"bkgPen": false,
	"regBias": true,
	"qkeras": false,
	"qbits": 0,
	"qibits": 0,
	"pool": 2,
	"l1reg": 0,
	"detmat": 1,
	"npars": 203,
	"mod_mae_x": 0.6765077191007799,
	"mod_mae_a": 0.00377142551825574,
	"mod_mse_x": 1.9936929924476654,
	"mod_mse_a": 5.6353744212759094e-05,
	"mod_auc": 0.927523638976,
	"mod_dx_median": 0.30058434913920173,
	"mod_da_median": -0.0010735851598455484,
	"mod_dx_mean": 0.27433553352616813,
	"mod_da_mean": -0.0011438441124189506,
	"mod_dx_std": 1.3850750909219969,
	"mod_da_std": 0.007419256354867622,
	"mod_dx_iqr": 0.695489717867511,
	"mod_da_iqr": 0.005709925366586377,
	"skew_dx": -0.29217265549023935,
	"skew_da": -0.6515020830297003,
	"dx_mmm": -0.01895118595740587,
	"da_mmm": -0.009469810613472976,
	"dx_mode": 0.3500000000000001,
	"da_mode": -0.0009999999999999992
}