{
	"name": "sep5_models/MyTCN_CL5.3.1.0..5.3.3.0_DLnone_CBNormFalse_DBNormFalse_IBNormFalse_ll1_ptype0_penXTrue_penATrue_bkgPenFalse_regBiasTrue_Flatten_DetMat_HAND0_9",
	"clayers": "CL5.3.1.0..5.3.3.0",
	"dlayers": "DLnone",
	"CBNorm": false,
	"DBNorm": false,
	"IBNorm": false,
	"LL": "ll1",
	"ptype": "ptype0",
	"penX": true,
	"penA": true,
	"bkgPen": false,
	"regBias": true,
	"qkeras": false,
	"qbits": 0,
	"qibits": 0,
	"pool": 2,
	"l1reg": 0,
	"detmat": 1,
	"npars": 203,
	"mod_mae_x": 0.5565675599132585,
	"mod_mae_a": 0.003570465337787421,
	"mod_mse_x": 1.9044717027647105,
	"mod_mse_a": 5.4813812697467616e-05,
	"mod_auc": 0.9275224386159999,
	"mod_dx_median": 0.0006686003758726855,
	"mod_da_median": 0.00031519206930305174,
	"mod_dx_mean": -0.029468309180042444,
	"mod_da_mean": 0.0002719546740538683,
	"mod_dx_std": 1.3797113181817344,
	"mod_da_std": 0.007398638614821506,
	"mod_dx_iqr": 0.6674757285138385,
	"mod_da_iqr": 0.0056337872868079935,
	"skew_dx": -0.2987143486710229,
	"skew_da": -0.6482546660395176,
	"dx_mmm": -0.02184290957012032,
	"da_mmm": -0.005843966370051789,
	"dx_mode": 0.030000000000000027,
	"da_mode": 0.00020000000000000052
}