{
	"name": "sep5_models/MyTCN_CL5.3.1.0..5.3.3.0_DLnone_CBNormFalse_DBNormFalse_IBNormFalse_ll1_ptype0_penXTrue_penATrue_bkgPenFalse_regBiasTrue_Flatten_DetMat_0.4",
	"clayers": "CL5.3.1.0..5.3.3.0",
	"dlayers": "DLnone",
	"CBNorm": false,
	"DBNorm": false,
	"IBNorm": false,
	"LL": "ll1",
	"ptype": "ptype0",
	"penX": true,
	"penA": true,
	"bkgPen": false,
	"regBias": true,
	"qkeras": false,
	"qbits": 0,
	"qibits": 0,
	"pool": 2,
	"l1reg": 0,
	"detmat": 1,
	"npars": 203,
	"mod_mae_x": 0.5570938737707246,
	"mod_mae_a": 0.00341915661404553,
	"mod_mse_x": 1.8974047216245546,
	"mod_mse_a": 5.435353527509241e-05,
	"mod_auc": 0.9258702001440001,
	"mod_dx_median": 0.08388080534919062,
	"mod_da_median": -0.00012199067472663111,
	"mod_dx_mean": 0.056850276321676496,
	"mod_da_mean": -0.00020251655675842303,
	"mod_dx_std": 1.3762894926964686,
	"mod_da_std": 0.007369703000754585,
	"mod_dx_iqr": 0.622774809063863,
	"mod_da_iqr": 0.005179579169708754,
	"skew_dx": -0.3250972104494469,
	"skew_da": -0.6700476357542553,
	"dx_mmm": -0.019640147782102938,
	"da_mmm": -0.010926611564068031,
	"dx_mode": 0.1100000000000001,
	"da_mode": -0.00020000000000000052
}