{
	"name": "sep5_models/MyTCN_CL5.3.1.0..5.3.1.0_DLnone_CBNormTrue_DBNormFalse_IBNormFalse_ll1_ptype0_penXTrue_penATrue_bkgPenFalse_regBiasTrue_Flatten_DetMat_0.2",
	"clayers": "CL5.3.1.0..5.3.1.0",
	"dlayers": "DLnone",
	"CBNorm": true,
	"DBNorm": false,
	"IBNorm": false,
	"LL": "ll1",
	"ptype": "ptype0",
	"penX": true,
	"penA": true,
	"bkgPen": false,
	"regBias": true,
	"qkeras": false,
	"qbits": 0,
	"qibits": 0,
	"pool": 2,
	"l1reg": 0,
	"detmat": 1,
	"npars": 403,
	"mod_mae_x": 0.8175858446562119,
	"mod_mae_a": 0.0028836297482122603,
	"mod_mse_x": 1.9856586103827047,
	"mod_mse_a": 2.9718156397019846e-05,
	"mod_auc": 0.9937851605279999,
	"mod_dx_median": -0.526599389090201,
	"mod_da_median": -6.981774353533726e-05,
	"mod_dx_mean": -0.4569521232509048,
	"mod_da_mean": -0.00023333179287245877,
	"mod_dx_std": 1.3329866343813037,
	"mod_da_std": 0.005446440367015393,
	"mod_dx_iqr": 0.7714480498511216,
	"mod_da_iqr": 0.005264614517041469,
	"skew_dx": 0.1821272817043666,
	"skew_da": -0.5022092375279502,
	"dx_mmm": 0.052249035393833854,
	"da_mmm": -0.0300221866611065,
	"dx_mode": -0.55,
	"da_mode": 0.00020000000000000052
}