{
	"name": "sep5_models/MyTCN_CL5.3.1.0..5.3.1.0_DLnone_CBNormTrue_DBNormFalse_IBNormFalse_ll1_ptype0_penXTrue_penATrue_bkgPenFalse_regBiasTrue_Flatten_DetMat_0.6",
	"clayers": "CL5.3.1.0..5.3.1.0",
	"dlayers": "DLnone",
	"CBNorm": true,
	"DBNorm": false,
	"IBNorm": false,
	"LL": "ll1",
	"ptype": "ptype0",
	"penX": true,
	"penA": true,
	"bkgPen": false,
	"regBias": true,
	"qkeras": false,
	"qbits": 0,
	"qibits": 0,
	"pool": 2,
	"l1reg": 0,
	"detmat": 1,
	"npars": 403,
	"mod_mae_x": 1.1262993626558628,
	"mod_mae_a": 0.0029278156335212245,
	"mod_mse_x": 2.526458730599186,
	"mod_mse_a": 3.059759106395859e-05,
	"mod_auc": 0.9936674189680001,
	"mod_dx_median": -0.9173888887596942,
	"mod_da_median": 0.0004110670185370202,
	"mod_dx_mean": -0.8587675653669254,
	"mod_da_mean": 0.0003476317716742468,
	"mod_dx_std": 1.3375264480648408,
	"mod_da_std": 0.005520574536701884,
	"mod_dx_iqr": 0.7874267740524679,
	"mod_da_iqr": 0.0052533217727553875,
	"skew_dx": -0.19111345568978289,
	"skew_da": -0.10791086109284442,
	"dx_mmm": 0.04382816016653964,
	"da_mmm": -0.011490696564468645,
	"dx_mode": -0.9299999999999999,
	"da_mode": 0.0006000000000000016
}