{
	"name": "sep5_models/MyTCN_CL5.3.1.0..5.3.3.0_DLnone_CBNormFalse_DBNormFalse_IBNormFalse_ll1_ptype0_penXTrue_penATrue_bkgPenFalse_regBiasTrue_Flatten_DetMat_HAND0_10",
	"clayers": "CL5.3.1.0..5.3.3.0",
	"dlayers": "DLnone",
	"CBNorm": false,
	"DBNorm": false,
	"IBNorm": false,
	"LL": "ll1",
	"ptype": "ptype0",
	"penX": true,
	"penA": true,
	"bkgPen": false,
	"regBias": true,
	"qkeras": false,
	"qbits": 0,
	"qibits": 0,
	"pool": 2,
	"l1reg": 0,
	"detmat": 1,
	"npars": 203,
	"mod_mae_x": 0.5563515064937528,
	"mod_mae_a": 0.0035568642572638225,
	"mod_mse_x": 1.9033118411675571,
	"mod_mse_a": 5.477990838809081e-05,
	"mod_auc": 0.927513472864,
	"mod_dx_median": 0.003048033510239634,
	"mod_da_median": 7.769262479340351e-05,
	"mod_dx_mean": -0.027140001439166846,
	"mod_da_mean": 3.79867962478891e-05,
	"mod_dx_std": 1.3793387044121683,
	"mod_da_std": 0.007401247556419229,
	"mod_dx_iqr": 0.6680794368859618,
	"mod_da_iqr": 0.005640906328913224,
	"skew_dx": -0.29687383494891995,
	"skew_da": -0.6460698150135938,
	"dx_mmm": -0.02188587534942818,
	"da_mmm": -0.005364748070219171,
	"dx_mode": 0.030000000000000027,
	"da_mode": -0.00020000000000000052
}