{
	"name": "sep5_models/MyTCN_CL5.3.1.0..5.3.3.0_DLnone_CBNormFalse_DBNormFalse_IBNormFalse_ll1_ptype0_penXTrue_penATrue_bkgPenFalse_regBiasTrue_Flatten_DetMat_HAND0_8",
	"clayers": "CL5.3.1.0..5.3.3.0",
	"dlayers": "DLnone",
	"CBNorm": false,
	"DBNorm": false,
	"IBNorm": false,
	"LL": "ll1",
	"ptype": "ptype0",
	"penX": true,
	"penA": true,
	"bkgPen": false,
	"regBias": true,
	"qkeras": false,
	"qbits": 0,
	"qibits": 0,
	"pool": 2,
	"l1reg": 0,
	"detmat": 1,
	"npars": 203,
	"mod_mae_x": 0.5527271732302967,
	"mod_mae_a": 0.003553405299149492,
	"mod_mse_x": 1.900549138327858,
	"mod_mse_a": 5.479140349008358e-05,
	"mod_auc": 0.9275224386159999,
	"mod_dx_median": 0.028509340746214917,
	"mod_da_median": -0.00014836322659492196,
	"mod_dx_mean": -0.003431261413010639,
	"mod_da_mean": -0.00020588657676393844,
	"mod_dx_std": 1.3785997841190076,
	"mod_da_std": 0.007399257679496776,
	"mod_dx_iqr": 0.6485969302690076,
	"mod_da_iqr": 0.005620047683522271,
	"skew_dx": -0.29352817749279897,
	"skew_da": -0.6571659268860922,
	"dx_mmm": -0.02316887216084772,
	"da_mmm": -0.007774205556918602,
	"dx_mode": 0.050000000000000044,
	"da_mode": -0.00020000000000000052
}