{
	"name": "sep5_models/MyTCN_CL5.3.1.0..5.3.1.0_DLnone_CBNormTrue_DBNormFalse_IBNormFalse_ll1_ptype0_penXTrue_penATrue_bkgPenFalse_regBiasTrue_Flatten_DetMat",
	"clayers": "CL5.3.1.0..5.3.1.0",
	"dlayers": "DLnone",
	"CBNorm": true,
	"DBNorm": false,
	"IBNorm": false,
	"LL": "ll1",
	"ptype": "ptype0",
	"penX": true,
	"penA": true,
	"bkgPen": false,
	"regBias": true,
	"qkeras": false,
	"qbits": 0,
	"qibits": 0,
	"pool": 2,
	"l1reg": 0,
	"detmat": 1,
	"npars": 403,
	"mod_mae_x": 0.5835082264851206,
	"mod_mae_a": 0.0029549872141169144,
	"mod_mse_x": 1.6668035213807724,
	"mod_mse_a": 3.0338469138889567e-05,
	"mod_auc": 0.9938967672160001,
	"mod_dx_median": 0.004906905675101214,
	"mod_da_median": -6.920457877380558e-05,
	"mod_dx_mean": 0.04355652011152812,
	"mod_da_mean": -0.00019528735425707443,
	"mod_dx_std": 1.290312501271125,
	"mod_da_std": 0.005504573733556199,
	"mod_dx_iqr": 0.9096572563754977,
	"mod_da_iqr": 0.005451513751818278,
	"skew_dx": 0.7651867935044441,
	"skew_da": -0.3490965639405034,
	"dx_mmm": 0.02995368517188823,
	"da_mmm": -0.022905093397997556,
	"dx_mode": 0.010000000000000009,
	"da_mode": 0.00020000000000000052
}