{
	"name": "sep5_models/MyTCN_CL5.3.1.0..5.3.1.0_DLnone_CBNormFalse_DBNormFalse_IBNormFalse_ll1_ptype0_penXTrue_penATrue_bkgPenFalse_regBiasTrue_Flatten_DetMat_HAND0_3",
	"clayers": "CL5.3.1.0..5.3.1.0",
	"dlayers": "DLnone",
	"CBNorm": false,
	"DBNorm": false,
	"IBNorm": false,
	"LL": "ll1",
	"ptype": "ptype0",
	"penX": true,
	"penA": true,
	"bkgPen": false,
	"regBias": true,
	"qkeras": false,
	"qbits": 0,
	"qibits": 0,
	"pool": 2,
	"l1reg": 0,
	"detmat": 1,
	"npars": 383,
	"mod_mae_x": 1.4932578919995008,
	"mod_mae_a": 0.01173589636884943,
	"mod_mse_x": 5.078754356540187,
	"mod_mse_a": 0.00021809874642928577,
	"mod_auc": 0.5,
	"mod_dx_median": -0.07966947623993459,
	"mod_da_median": -0.003166774974075158,
	"mod_dx_mean": 0.21207151566892873,
	"mod_da_mean": -0.0033788377081522,
	"mod_dx_std": 2.2436087067004507,
	"mod_da_std": 0.014376446089741876,
	"mod_dx_iqr": 3.2579995954812153,
	"mod_da_iqr": 0.02886808509093445,
	"skew_dx": 0.5729503535291721,
	"skew_da": -0.013753547475386521,
	"dx_mmm": 0.1300320287747102,
	"da_mmm": -0.014750706311788462,
	"dx_mode": -0.55,
	"da_mode": -0.002199999999999999
}