{
	"name": "sep5_models/MyTCN_CL5.3.1.0..5.3.1.0_DLnone_CBNormFalse_DBNormFalse_IBNormFalse_ll1_ptype0_penXTrue_penATrue_bkgPenFalse_regBiasTrue_Flatten_DetMat_HAND0_5",
	"clayers": "CL5.3.1.0..5.3.1.0",
	"dlayers": "DLnone",
	"CBNorm": false,
	"DBNorm": false,
	"IBNorm": false,
	"LL": "ll1",
	"ptype": "ptype0",
	"penX": true,
	"penA": true,
	"bkgPen": false,
	"regBias": true,
	"qkeras": false,
	"qbits": 0,
	"qibits": 0,
	"pool": 2,
	"l1reg": 0,
	"detmat": 1,
	"npars": 383,
	"mod_mae_x": 2.6820073338591794,
	"mod_mae_a": 0.009208681352422912,
	"mod_mse_x": 8.484545199882202,
	"mod_mse_a": 0.00011017339551979689,
	"mod_auc": 0.95817476516,
	"mod_dx_median": -2.5846900947665743,
	"mod_da_median": 0.00855177933596218,
	"mod_dx_mean": -2.548351043756077,
	"mod_da_mean": 0.008691212736405253,
	"mod_dx_std": 1.4108338519008952,
	"mod_da_std": 0.00588525417380966,
	"mod_dx_iqr": 1.3649951089874284,
	"mod_da_iqr": 0.007474106430455692,
	"skew_dx": 1.0258895491580273,
	"skew_da": -0.13301400745298145,
	"dx_mmm": 0.025757144231785954,
	"da_mmm": 0.023691992958192652,
	"dx_mode": -0.99,
	"da_mode": 0.008600000000000002
}