{
	"name": "sep5_models/MyTCN_CL5.3.1.0..5.3.3.0_DLnone_CBNormFalse_DBNormFalse_IBNormFalse_ll1_ptype0_penXTrue_penATrue_bkgPenFalse_regBiasTrue_Flatten_DetMat_HAND0_2",
	"clayers": "CL5.3.1.0..5.3.3.0",
	"dlayers": "DLnone",
	"CBNorm": false,
	"DBNorm": false,
	"IBNorm": false,
	"LL": "ll1",
	"ptype": "ptype0",
	"penX": true,
	"penA": true,
	"bkgPen": false,
	"regBias": true,
	"qkeras": false,
	"qbits": 0,
	"qibits": 0,
	"pool": 2,
	"l1reg": 0,
	"detmat": 1,
	"npars": 203,
	"mod_mae_x": 2.067023403345628,
	"mod_mae_a": 0.03007597183514488,
	"mod_mse_x": 7.732480396864814,
	"mod_mse_a": 0.0013458443221637721,
	"mod_auc": 0.5,
	"mod_dx_median": -1.670488900357272,
	"mod_da_median": -0.025817197061806366,
	"mod_dx_mean": -1.843529548633196,
	"mod_da_mean": -0.025652227657270578,
	"mod_dx_std": 2.0817971083131748,
	"mod_da_std": 0.02622608507542319,
	"mod_dx_iqr": 2.574870867481107,
	"mod_da_iqr": 0.05428882838243135,
	"skew_dx": -1.0262893890932587,
	"skew_da": -0.09717121877072422,
	"dx_mmm": -0.08312080345626677,
	"da_mmm": 0.006290279470281393,
	"dx_mode": -0.85,
	"da_mode": -0.0194
}