{
	"name": "sep5_models/MyTCN_CL5.3.1.0..5.3.1.0_DLnone_CBNormTrue_DBNormFalse_IBNormFalse_ll1_ptype0_penXTrue_penATrue_bkgPenFalse_regBiasTrue_Flatten_DetMat_0.7",
	"clayers": "CL5.3.1.0..5.3.1.0",
	"dlayers": "DLnone",
	"CBNorm": true,
	"DBNorm": false,
	"IBNorm": false,
	"LL": "ll1",
	"ptype": "ptype0",
	"penX": true,
	"penA": true,
	"bkgPen": false,
	"regBias": true,
	"qkeras": false,
	"qbits": 0,
	"qibits": 0,
	"pool": 2,
	"l1reg": 0,
	"detmat": 1,
	"npars": 403,
	"mod_mae_x": 1.0459670793561593,
	"mod_mae_a": 0.0028809056044206646,
	"mod_mse_x": 2.3701810540022947,
	"mod_mse_a": 3.000543173632106e-05,
	"mod_auc": 0.9936580679200001,
	"mod_dx_median": -0.8210989854170396,
	"mod_da_median": 0.00021166566071925338,
	"mod_dx_mean": -0.7609095757786732,
	"mod_da_mean": 8.178161784109725e-05,
	"mod_dx_std": 1.338356332032174,
	"mod_da_std": 0.005477110871920009,
	"mod_dx_iqr": 0.7689784544086896,
	"mod_da_iqr": 0.005213202917075404,
	"skew_dx": -0.19878721702882804,
	"skew_da": -0.3731248486814668,
	"dx_mmm": 0.044972634116785745,
	"da_mmm": -0.023713969995393776,
	"dx_mode": -0.85,
	"da_mode": 0.00020000000000000052
}