{
	"name": "sep5_models/MyTCN_CL5.3.1.0..5.3.3.0_DLnone_CBNormFalse_DBNormFalse_IBNormFalse_ll1_ptype0_penXTrue_penATrue_bkgPenFalse_regBiasTrue_Flatten_DetMat_HAND0_1",
	"clayers": "CL5.3.1.0..5.3.3.0",
	"dlayers": "DLnone",
	"CBNorm": false,
	"DBNorm": false,
	"IBNorm": false,
	"LL": "ll1",
	"ptype": "ptype0",
	"penX": true,
	"penA": true,
	"bkgPen": false,
	"regBias": true,
	"qkeras": false,
	"qbits": 0,
	"qibits": 0,
	"pool": 2,
	"l1reg": 0,
	"detmat": 1,
	"npars": 203,
	"mod_mae_x": 9.5358050597662,
	"mod_mae_a": 0.03941950851918249,
	"mod_mse_x": 126.91240749735236,
	"mod_mse_a": 0.0025269633903618107,
	"mod_auc": 0.5,
	"mod_dx_median": -6.827724364586528,
	"mod_da_median": -0.016175079149143786,
	"mod_dx_mean": -9.426660500133153,
	"mod_da_mean": -0.01804769347630301,
	"mod_dx_std": 6.168507057026176,
	"mod_da_std": 0.0469174184130715,
	"mod_dx_iqr": 11.036959286657812,
	"mod_da_iqr": 0.09253044155713752,
	"skew_dx": -1.1521531175990163,
	"skew_da": -0.49251270429212596,
	"dx_mmm": -0.42132336260948794,
	"da_mmm": -0.03991298734027323,
	"dx_mode": -0.91,
	"da_mode": -0.009399999999999999
}