{
	"name": "sep5_models/MyTCN_CL4.3.1.0..4.3.3.0_DLnone_CBNormFalse_DBNormFalse_IBNormFalse_ll1_ptype0_penXTrue_penATrue_bkgPenFalse_regBiasTrue_Flatten_DetMat",
	"clayers": "CL4.3.1.0..4.3.3.0",
	"dlayers": "DLnone",
	"CBNorm": false,
	"DBNorm": false,
	"IBNorm": false,
	"LL": "ll1",
	"ptype": "ptype0",
	"penX": true,
	"penA": true,
	"bkgPen": false,
	"regBias": true,
	"qkeras": false,
	"qbits": 0,
	"qibits": 0,
	"pool": 2,
	"l1reg": 0,
	"detmat": 1,
	"npars": 163,
	"mod_mae_x": 0.7935895028501688,
	"mod_mae_a": 0.005233272826897252,
	"mod_mse_x": 2.5600045537495437,
	"mod_mse_a": 6.85942006454151e-05,
	"mod_auc": 0.911689413536,
	"mod_dx_median": 0.025528732372002594,
	"mod_da_median": 0.00010802066517590081,
	"mod_dx_mean": 0.006958272661190829,
	"mod_da_mean": 0.000329571980426268,
	"mod_dx_std": 1.5999862925010064,
	"mod_da_std": 0.00827560166725858,
	"mod_dx_iqr": 1.247274974330594,
	"mod_da_iqr": 0.010995941526501827,
	"skew_dx": -1.5182115719364204,
	"skew_da": 0.12115890449505068,
	"dx_mmm": -0.01160663675548338,
	"da_mmm": 0.02677162630082937,
	"dx_mode": -0.27,
	"da_mode": -0.0005999999999999998
}