{
	"name": "sep5_models/MyTCN_CL5.3.1.0..5.3.1.0_DLnone_CBNormFalse_DBNormFalse_IBNormFalse_ll1_ptype0_penXTrue_penATrue_bkgPenFalse_regBiasTrue_Flatten_DetMat_0.6",
	"clayers": "CL5.3.1.0..5.3.1.0",
	"dlayers": "DLnone",
	"CBNorm": false,
	"DBNorm": false,
	"IBNorm": false,
	"LL": "ll1",
	"ptype": "ptype0",
	"penX": true,
	"penA": true,
	"bkgPen": false,
	"regBias": true,
	"qkeras": false,
	"qbits": 0,
	"qibits": 0,
	"pool": 2,
	"l1reg": 0,
	"detmat": 1,
	"npars": 383,
	"mod_mae_x": 0.5626696509348552,
	"mod_mae_a": 0.00271656969171771,
	"mod_mse_x": 1.7181915433810144,
	"mod_mse_a": 2.708708808875371e-05,
	"mod_auc": 0.957566922264,
	"mod_dx_median": 0.06582555734557793,
	"mod_da_median": -0.0002894056347545887,
	"mod_dx_mean": 0.08352192715192953,
	"mod_da_mean": -0.0004640979972834264,
	"mod_dx_std": 1.3081344086392048,
	"mod_da_std": 0.005183792158031726,
	"mod_dx_iqr": 0.7886254730065342,
	"mod_da_iqr": 0.004766685170498752,
	"skew_dx": 0.5513307004263382,
	"skew_da": -0.960404584828872,
	"dx_mmm": 0.013527944597650604,
	"da_mmm": -0.03369972352347707,
	"dx_mode": 0.07000000000000006,
	"da_mode": -0.00020000000000000052
}