{
	"name": "sep5_models/MyTCN_CL5.3.1.0..5.3.3.0_DLnone_CBNormFalse_DBNormFalse_IBNormFalse_ll1_ptype0_penXTrue_penATrue_bkgPenFalse_regBiasTrue_Flatten_DetMat_HAND0_5",
	"clayers": "CL5.3.1.0..5.3.3.0",
	"dlayers": "DLnone",
	"CBNorm": false,
	"DBNorm": false,
	"IBNorm": false,
	"LL": "ll1",
	"ptype": "ptype0",
	"penX": true,
	"penA": true,
	"bkgPen": false,
	"regBias": true,
	"qkeras": false,
	"qbits": 0,
	"qibits": 0,
	"pool": 2,
	"l1reg": 0,
	"detmat": 1,
	"npars": 203,
	"mod_mae_x": 0.789746898149725,
	"mod_mae_a": 0.0036090525663478356,
	"mod_mse_x": 2.1439949494329964,
	"mod_mse_a": 5.397545686777944e-05,
	"mod_auc": 0.927424876896,
	"mod_dx_median": -0.42454591290916976,
	"mod_da_median": -0.0012972300167317635,
	"mod_dx_mean": -0.44491288039040855,
	"mod_da_mean": -0.001392200821446311,
	"mod_dx_std": 1.395008056713547,
	"mod_da_std": 0.0072136837843465,
	"mod_dx_iqr": 1.1266950747224302,
	"mod_da_iqr": 0.004772214543537952,
	"skew_dx": -0.1817296052150882,
	"skew_da": -0.716292879570448,
	"dx_mmm": -0.014599892368521975,
	"da_mmm": -0.013165368423915627,
	"dx_mode": -0.13,
	"da_mode": -0.0014000000000000002
}