{
	"name": "sep5_models/MyTCN_CL5.3.1.0..5.3.3.0_DLnone_CBNormFalse_DBNormFalse_IBNormFalse_ll1_ptype0_penXTrue_penATrue_bkgPenFalse_regBiasTrue_Flatten_DetMat_HAND1_9",
	"clayers": "CL5.3.1.0..5.3.3.0",
	"dlayers": "DLnone",
	"CBNorm": false,
	"DBNorm": false,
	"IBNorm": false,
	"LL": "ll1",
	"ptype": "ptype0",
	"penX": true,
	"penA": true,
	"bkgPen": false,
	"regBias": true,
	"qkeras": false,
	"qbits": 0,
	"qibits": 0,
	"pool": 2,
	"l1reg": 0,
	"detmat": 1,
	"npars": 203,
	"mod_mae_x": 0.551400891822579,
	"mod_mae_a": 0.003365963234971855,
	"mod_mse_x": 1.909968591893226,
	"mod_mse_a": 5.413783586081919e-05,
	"mod_auc": 0.9254567508639999,
	"mod_dx_median": 0.013588750751770462,
	"mod_da_median": 0.0001270817548541664,
	"mod_dx_mean": -0.017666481415976813,
	"mod_da_mean": 4.7390567767102144e-05,
	"mod_dx_std": 1.3819032119969925,
	"mod_da_std": 0.007357689174931617,
	"mod_dx_iqr": 0.6369019705172396,
	"mod_da_iqr": 0.0050005992113591625,
	"skew_dx": -0.35276517724567047,
	"skew_da": -0.672305453976014,
	"dx_mmm": -0.02261752624670453,
	"da_mmm": -0.010831007561257154,
	"dx_mode": 0.030000000000000027,
	"da_mode": 0.00020000000000000052
}