{
	"name": "sep5_models/MyTCN_CL5.4.1.0..5.4.3.0_DLnone_CBNormTrue_DBNormFalse_IBNormFalse_ll1_ptype0_penXTrue_penATrue_bkgPenFalse_regBiasTrue_Flatten_DetMat",
	"clayers": "CL5.4.1.0..5.4.3.0",
	"dlayers": "DLnone",
	"CBNorm": true,
	"DBNorm": false,
	"IBNorm": false,
	"LL": "ll1",
	"ptype": "ptype0",
	"penX": true,
	"penA": true,
	"bkgPen": false,
	"regBias": true,
	"qkeras": false,
	"qbits": 0,
	"qibits": 0,
	"pool": 2,
	"l1reg": 0,
	"detmat": 1,
	"npars": 258,
	"mod_mae_x": 0.6789426164963464,
	"mod_mae_a": 0.004204821818291514,
	"mod_mse_x": 2.128144655850568,
	"mod_mse_a": 5.697880522059951e-05,
	"mod_auc": 0.979657929088,
	"mod_dx_median": 0.043458319755126595,
	"mod_da_median": 3.5204868561063835e-05,
	"mod_dx_mean": 0.03680602107281734,
	"mod_da_mean": -0.0003594262748627682,
	"mod_dx_std": 1.4583518000343247,
	"mod_da_std": 0.007539868564738898,
	"mod_dx_iqr": 0.988834658535473,
	"mod_da_iqr": 0.007778510939658489,
	"skew_dx": 0.22181849571518297,
	"skew_da": -1.6623917047501127,
	"dx_mmm": -0.00456151847733358,
	"da_mmm": -0.052339260298166476,
	"dx_mode": 0.030000000000000027,
	"da_mode": 0.00020000000000000052
}