{
	"name": "sep5_models/MyTCN_CL5.3.1.0..5.3.1.0_DLnone_CBNormTrue_DBNormFalse_IBNormFalse_ll1_ptype0_penXTrue_penATrue_bkgPenFalse_regBiasTrue_Flatten_DetMat_0.1",
	"clayers": "CL5.3.1.0..5.3.1.0",
	"dlayers": "DLnone",
	"CBNorm": true,
	"DBNorm": false,
	"IBNorm": false,
	"LL": "ll1",
	"ptype": "ptype0",
	"penX": true,
	"penA": true,
	"bkgPen": false,
	"regBias": true,
	"qkeras": false,
	"qbits": 0,
	"qibits": 0,
	"pool": 2,
	"l1reg": 0,
	"detmat": 1,
	"npars": 403,
	"mod_mae_x": 0.646372909057426,
	"mod_mae_a": 0.0029621651055953043,
	"mod_mse_x": 1.8091474279157098,
	"mod_mse_a": 3.0454374918914375e-05,
	"mod_auc": 0.993855085528,
	"mod_dx_median": -0.23256173658240265,
	"mod_da_median": -0.0002683427771660654,
	"mod_dx_mean": -0.1639947930320511,
	"mod_da_mean": -0.0003725387498115034,
	"mod_dx_std": 1.3350105377015136,
	"mod_da_std": 0.0055059594803088825,
	"mod_dx_iqr": 0.8473562529603729,
	"mod_da_iqr": 0.005416282967950712,
	"skew_dx": 0.18254162705920768,
	"skew_da": -0.3969213286303331,
	"dx_mmm": 0.051360600994508385,
	"da_mmm": -0.018924217117484605,
	"dx_mode": -0.27,
	"da_mode": -0.00020000000000000052
}