{
	"name": "sep5_models/MyTCN_CL5.3.1.0..5.3.3.0_DLnone_CBNormFalse_DBNormFalse_IBNormFalse_ll1_ptype0_penXTrue_penATrue_bkgPenFalse_regBiasTrue_Flatten_DetMat_0.5",
	"clayers": "CL5.3.1.0..5.3.3.0",
	"dlayers": "DLnone",
	"CBNorm": false,
	"DBNorm": false,
	"IBNorm": false,
	"LL": "ll1",
	"ptype": "ptype0",
	"penX": true,
	"penA": true,
	"bkgPen": false,
	"regBias": true,
	"qkeras": false,
	"qbits": 0,
	"qibits": 0,
	"pool": 2,
	"l1reg": 0,
	"detmat": 1,
	"npars": 203,
	"mod_mae_x": 0.5471504915772598,
	"mod_mae_a": 0.0033878950055000923,
	"mod_mse_x": 1.895770921681559,
	"mod_mse_a": 5.4124287310240444e-05,
	"mod_auc": 0.925766473704,
	"mod_dx_median": -0.029079340627111705,
	"mod_da_median": 8.53630127284552e-05,
	"mod_dx_mean": -0.06164597600514888,
	"mod_da_mean": 1.081538038056604e-05,
	"mod_dx_std": 1.3754892567097468,
	"mod_da_std": 0.007356913098425701,
	"mod_dx_iqr": 0.6249661642322862,
	"mod_da_iqr": 0.005080434121507714,
	"skew_dx": -0.3574955101778998,
	"skew_da": -0.6715174062650965,
	"dx_mmm": -0.023676401119946608,
	"da_mmm": -0.010133004338985807,
	"dx_mode": -0.030000000000000027,
	"da_mode": 0.00020000000000000052
}