{
	"name": "sep5_models/MyTCN_CL5.3.1.0..5.3.1.0_DLnone_CBNormFalse_DBNormFalse_IBNormFalse_ll1_ptype0_penXTrue_penATrue_bkgPenFalse_regBiasTrue_Flatten_DetMat_HAND0_8",
	"clayers": "CL5.3.1.0..5.3.1.0",
	"dlayers": "DLnone",
	"CBNorm": false,
	"DBNorm": false,
	"IBNorm": false,
	"LL": "ll1",
	"ptype": "ptype0",
	"penX": true,
	"penA": true,
	"bkgPen": false,
	"regBias": true,
	"qkeras": false,
	"qbits": 0,
	"qibits": 0,
	"pool": 2,
	"l1reg": 0,
	"detmat": 1,
	"npars": 383,
	"mod_mae_x": 0.6374798801718812,
	"mod_mae_a": 0.003133730099613371,
	"mod_mse_x": 1.8636015562644936,
	"mod_mse_a": 2.959244389483373e-05,
	"mod_auc": 0.958068660664,
	"mod_dx_median": 0.17141183580492658,
	"mod_da_median": 0.00018265912353792463,
	"mod_dx_mean": 0.21332696264993284,
	"mod_da_mean": 3.5549442804758336e-05,
	"mod_dx_std": 1.3483668504049808,
	"mod_da_std": 0.005439777581110278,
	"mod_dx_iqr": 0.9350938738831278,
	"mod_da_iqr": 0.006024878632853345,
	"skew_dx": 0.935411834520955,
	"skew_da": -0.7202537911121433,
	"dx_mmm": 0.031085847914769697,
	"da_mmm": -0.027043326411728158,
	"dx_mode": 0.16999999999999993,
	"da_mode": 0.0006000000000000016
}