{
	"name": "sep5_models/MyTCN_CL5.3.1.0..5.3.1.0_DLnone_CBNormFalse_DBNormFalse_IBNormFalse_ll1_ptype0_penXTrue_penATrue_bkgPenFalse_regBiasTrue_Flatten_DetMat_0.3",
	"clayers": "CL5.3.1.0..5.3.1.0",
	"dlayers": "DLnone",
	"CBNorm": false,
	"DBNorm": false,
	"IBNorm": false,
	"LL": "ll1",
	"ptype": "ptype0",
	"penX": true,
	"penA": true,
	"bkgPen": false,
	"regBias": true,
	"qkeras": false,
	"qbits": 0,
	"qibits": 0,
	"pool": 2,
	"l1reg": 0,
	"detmat": 1,
	"npars": 383,
	"mod_mae_x": 0.5566739845029371,
	"mod_mae_a": 0.00272632927197182,
	"mod_mse_x": 1.7151352586116904,
	"mod_mse_a": 2.704951175041029e-05,
	"mod_auc": 0.9579228190239999,
	"mod_dx_median": 0.0006038576537434892,
	"mod_da_median": -1.8407544393753833e-05,
	"mod_dx_mean": 0.0166847435618884,
	"mod_da_mean": -0.0001660933037313992,
	"mod_dx_std": 1.309525439975858,
	"mod_da_std": 0.005198261706076934,
	"mod_dx_iqr": 0.7875529451133679,
	"mod_da_iqr": 0.004855327575663888,
	"skew_dx": 0.5523838628980999,
	"skew_da": -0.9265583894902256,
	"dx_mmm": 0.012279933949539286,
	"da_mmm": -0.028410604869123075,
	"dx_mode": 0.010000000000000009,
	"da_mode": 0.00020000000000000052
}