{
	"name": "sep5_models/MyTCN_CL5.3.1.0..5.3.1.0_DLnone_CBNormFalse_DBNormFalse_IBNormFalse_ll1_ptype0_penXTrue_penATrue_bkgPenFalse_regBiasTrue_Flatten_DetMat_HAND0_1",
	"clayers": "CL5.3.1.0..5.3.1.0",
	"dlayers": "DLnone",
	"CBNorm": false,
	"DBNorm": false,
	"IBNorm": false,
	"LL": "ll1",
	"ptype": "ptype0",
	"penX": true,
	"penA": true,
	"bkgPen": false,
	"regBias": true,
	"qkeras": false,
	"qbits": 0,
	"qibits": 0,
	"pool": 2,
	"l1reg": 0,
	"detmat": 1,
	"npars": 383,
	"mod_mae_x": 9.997966673584726,
	"mod_mae_a": 0.03920328726583137,
	"mod_mse_x": 133.3558062248825,
	"mod_mse_a": 0.0022945693702751827,
	"mod_auc": 0.5,
	"mod_dx_median": -0.03551923712405625,
	"mod_da_median": 4.8400229108847004e-05,
	"mod_dx_mean": -0.014052227549586278,
	"mod_da_mean": -2.040356298080203e-05,
	"mod_dx_std": 11.547969897769194,
	"mod_da_std": 0.04790165919850585,
	"mod_dx_iqr": 27.213207145170063,
	"mod_da_iqr": 0.1021205262141589,
	"skew_dx": 0.002394520079337072,
	"skew_da": -0.004084776956484693,
	"dx_mmm": 0.0018589422872168125,
	"da_mmm": -0.0014363550916790617,
	"dx_mode": 0.77,
	"da_mode": -0.0046
}